,year,state,county_name,county_fips,democrat_votes,republican_votes,total_votes
0,2020,VIRGINIA,ACCOMACK,51001,7578,9172,16962
1,2020,VIRGINIA,ACCOMACK,51001,7578,9172,16962
2,2020,VIRGINIA,ACCOMACK,51001,7578,9172,16962
3,2020,VIRGINIA,ACCOMACK,51001,7578,9172,16962
4,2020,VIRGINIA,ACCOMACK,51001,7578,9172,16962
5,2020,VIRGINIA,ACCOMACK,51001,7578,9172,16962
6,2020,VIRGINIA,ACCOMACK,51001,7578,9172,16962
7,2020,VIRGINIA,ACCOMACK,51001,7578,9172,16962
8,2020,VIRGINIA,ACCOMACK,51001,7578,9172,16962
9,2020,VIRGINIA,ACCOMACK,51001,7578,9172,16962
10,2020,VIRGINIA,ACCOMACK,51001,7578,9172,16962
11,2020,VIRGINIA,ACCOMACK,51001,7578,9172,16962
12,2020,VIRGINIA,ALBEMARLE,51003,42466,20804,64657
13,2020,VIRGINIA,ALBEMARLE,51003,42466,20804,64657
14,2020,VIRGINIA,ALBEMARLE,51003,42466,20804,64657
15,2020,VIRGINIA,ALBEMARLE,51003,42466,20804,64657
16,2020,VIRGINIA,ALBEMARLE,51003,42466,20804,64657
17,2020,VIRGINIA,ALBEMARLE,51003,42466,20804,64657
18,2020,VIRGINIA,ALBEMARLE,51003,42466,20804,64657
19,2020,VIRGINIA,ALBEMARLE,51003,42466,20804,64657
20,2020,VIRGINIA,ALBEMARLE,51003,42466,20804,64657
21,2020,VIRGINIA,ALBEMARLE,51003,42466,20804,64657
22,2020,VIRGINIA,ALBEMARLE,51003,42466,20804,64657
23,2020,VIRGINIA,ALBEMARLE,51003,42466,20804,64657
24,2020,VIRGINIA,ALLEGHANY,51005,2243,5859,8203
25,2020,VIRGINIA,ALLEGHANY,51005,2243,5859,8203
26,2020,VIRGINIA,ALLEGHANY,51005,2243,5859,8203
27,2020,VIRGINIA,ALLEGHANY,51005,2243,5859,8203
28,2020,VIRGINIA,ALLEGHANY,51005,2243,5859,8203
29,2020,VIRGINIA,ALLEGHANY,51005,2243,5859,8203
30,2020,VIRGINIA,ALLEGHANY,51005,2243,5859,8203
31,2020,VIRGINIA,ALLEGHANY,51005,2243,5859,8203
32,2020,VIRGINIA,ALLEGHANY,51005,2243,5859,8203
33,2020,VIRGINIA,ALLEGHANY,51005,2243,5859,8203
34,2020,VIRGINIA,ALLEGHANY,51005,2243,5859,8203
35,2020,VIRGINIA,ALLEGHANY,51005,2243,5859,8203
36,2020,VIRGINIA,AMELIA,51007,2411,5390,7894
37,2020,VIRGINIA,AMELIA,51007,2411,5390,7894
38,2020,VIRGINIA,AMELIA,51007,2411,5390,7894
39,2020,VIRGINIA,AMELIA,51007,2411,5390,7894
40,2020,VIRGINIA,AMELIA,51007,2411,5390,7894
41,2020,VIRGINIA,AMELIA,51007,2411,5390,7894
42,2020,VIRGINIA,AMELIA,51007,2411,5390,7894
43,2020,VIRGINIA,AMELIA,51007,2411,5390,7894
44,2020,VIRGINIA,AMELIA,51007,2411,5390,7894
45,2020,VIRGINIA,AMELIA,51007,2411,5390,7894
46,2020,VIRGINIA,AMELIA,51007,2411,5390,7894
47,2020,VIRGINIA,AMELIA,51007,2411,5390,7894
48,2020,VIRGINIA,AMHERST,51009,5672,11041,17005
49,2020,VIRGINIA,AMHERST,51009,5672,11041,17005
50,2020,VIRGINIA,AMHERST,51009,5672,11041,17005
51,2020,VIRGINIA,AMHERST,51009,5672,11041,17005
52,2020,VIRGINIA,AMHERST,51009,5672,11041,17005
53,2020,VIRGINIA,AMHERST,51009,5672,11041,17005
54,2020,VIRGINIA,AMHERST,51009,5672,11041,17005
55,2020,VIRGINIA,AMHERST,51009,5672,11041,17005
56,2020,VIRGINIA,AMHERST,51009,5672,11041,17005
57,2020,VIRGINIA,AMHERST,51009,5672,11041,17005
58,2020,VIRGINIA,AMHERST,51009,5672,11041,17005
59,2020,VIRGINIA,AMHERST,51009,5672,11041,17005
60,2020,VIRGINIA,APPOMATTOX,51011,2418,6702,9268
61,2020,VIRGINIA,APPOMATTOX,51011,2418,6702,9268
62,2020,VIRGINIA,APPOMATTOX,51011,2418,6702,9268
63,2020,VIRGINIA,APPOMATTOX,51011,2418,6702,9268
64,2020,VIRGINIA,APPOMATTOX,51011,2418,6702,9268
65,2020,VIRGINIA,APPOMATTOX,51011,2418,6702,9268
66,2020,VIRGINIA,APPOMATTOX,51011,2418,6702,9268
67,2020,VIRGINIA,APPOMATTOX,51011,2418,6702,9268
68,2020,VIRGINIA,APPOMATTOX,51011,2418,6702,9268
69,2020,VIRGINIA,APPOMATTOX,51011,2418,6702,9268
70,2020,VIRGINIA,APPOMATTOX,51011,2418,6702,9268
71,2020,VIRGINIA,APPOMATTOX,51011,2418,6702,9268
72,2020,VIRGINIA,ARLINGTON,51013,105344,22318,130739
73,2020,VIRGINIA,ARLINGTON,51013,105344,22318,130739
74,2020,VIRGINIA,ARLINGTON,51013,105344,22318,130739
75,2020,VIRGINIA,ARLINGTON,51013,105344,22318,130739
76,2020,VIRGINIA,ARLINGTON,51013,105344,22318,130739
77,2020,VIRGINIA,ARLINGTON,51013,105344,22318,130739
78,2020,VIRGINIA,ARLINGTON,51013,105344,22318,130739
79,2020,VIRGINIA,ARLINGTON,51013,105344,22318,130739
80,2020,VIRGINIA,ARLINGTON,51013,105344,22318,130739
81,2020,VIRGINIA,ARLINGTON,51013,105344,22318,130739
82,2020,VIRGINIA,ARLINGTON,51013,105344,22318,130739
83,2020,VIRGINIA,ARLINGTON,51013,105344,22318,130739
84,2020,VIRGINIA,AUGUSTA,51015,10840,30714,42278
85,2020,VIRGINIA,AUGUSTA,51015,10840,30714,42278
86,2020,VIRGINIA,AUGUSTA,51015,10840,30714,42278
87,2020,VIRGINIA,AUGUSTA,51015,10840,30714,42278
88,2020,VIRGINIA,AUGUSTA,51015,10840,30714,42278
89,2020,VIRGINIA,AUGUSTA,51015,10840,30714,42278
90,2020,VIRGINIA,AUGUSTA,51015,10840,30714,42278
91,2020,VIRGINIA,AUGUSTA,51015,10840,30714,42278
92,2020,VIRGINIA,AUGUSTA,51015,10840,30714,42278
93,2020,VIRGINIA,AUGUSTA,51015,10840,30714,42278
94,2020,VIRGINIA,AUGUSTA,51015,10840,30714,42278
95,2020,VIRGINIA,AUGUSTA,51015,10840,30714,42278
96,2020,VIRGINIA,BATH,51017,646,1834,2501
97,2020,VIRGINIA,BATH,51017,646,1834,2501
98,2020,VIRGINIA,BATH,51017,646,1834,2501
99,2020,VIRGINIA,BATH,51017,646,1834,2501
100,2020,VIRGINIA,BATH,51017,646,1834,2501
101,2020,VIRGINIA,BATH,51017,646,1834,2501
102,2020,VIRGINIA,BATH,51017,646,1834,2501
103,2020,VIRGINIA,BATH,51017,646,1834,2501
104,2020,VIRGINIA,BATH,51017,646,1834,2501
105,2020,VIRGINIA,BATH,51017,646,1834,2501
106,2020,VIRGINIA,BATH,51017,646,1834,2501
107,2020,VIRGINIA,BATH,51017,646,1834,2501
108,2020,VIRGINIA,BEDFORD,51019,12176,35600,48669
109,2020,VIRGINIA,BEDFORD,51019,12176,35600,48669
110,2020,VIRGINIA,BEDFORD,51019,12176,35600,48669
111,2020,VIRGINIA,BEDFORD,51019,12176,35600,48669
112,2020,VIRGINIA,BEDFORD,51019,12176,35600,48669
113,2020,VIRGINIA,BEDFORD,51019,12176,35600,48669
114,2020,VIRGINIA,BEDFORD,51019,12176,35600,48669
115,2020,VIRGINIA,BEDFORD,51019,12176,35600,48669
116,2020,VIRGINIA,BEDFORD,51019,12176,35600,48669
117,2020,VIRGINIA,BEDFORD,51019,12176,35600,48669
118,2020,VIRGINIA,BEDFORD,51019,12176,35600,48669
119,2020,VIRGINIA,BEDFORD,51019,12176,35600,48669
120,2020,VIRGINIA,BLAND,51021,532,2903,3479
121,2020,VIRGINIA,BLAND,51021,532,2903,3479
122,2020,VIRGINIA,BLAND,51021,532,2903,3479
123,2020,VIRGINIA,BLAND,51021,532,2903,3479
124,2020,VIRGINIA,BLAND,51021,532,2903,3479
125,2020,VIRGINIA,BLAND,51021,532,2903,3479
126,2020,VIRGINIA,BLAND,51021,532,2903,3479
127,2020,VIRGINIA,BLAND,51021,532,2903,3479
128,2020,VIRGINIA,BLAND,51021,532,2903,3479
129,2020,VIRGINIA,BLAND,51021,532,2903,3479
130,2020,VIRGINIA,BLAND,51021,532,2903,3479
131,2020,VIRGINIA,BLAND,51021,532,2903,3479
132,2020,VIRGINIA,BOTETOURT,51023,5700,15099,21123
133,2020,VIRGINIA,BOTETOURT,51023,5700,15099,21123
134,2020,VIRGINIA,BOTETOURT,51023,5700,15099,21123
135,2020,VIRGINIA,BOTETOURT,51023,5700,15099,21123
136,2020,VIRGINIA,BOTETOURT,51023,5700,15099,21123
137,2020,VIRGINIA,BOTETOURT,51023,5700,15099,21123
138,2020,VIRGINIA,BOTETOURT,51023,5700,15099,21123
139,2020,VIRGINIA,BOTETOURT,51023,5700,15099,21123
140,2020,VIRGINIA,BOTETOURT,51023,5700,15099,21123
141,2020,VIRGINIA,BOTETOURT,51023,5700,15099,21123
142,2020,VIRGINIA,BOTETOURT,51023,5700,15099,21123
143,2020,VIRGINIA,BOTETOURT,51023,5700,15099,21123
144,2020,VIRGINIA,BRUNSWICK,51025,4552,3357,7948
145,2020,VIRGINIA,BRUNSWICK,51025,4552,3357,7948
146,2020,VIRGINIA,BRUNSWICK,51025,4552,3357,7948
147,2020,VIRGINIA,BRUNSWICK,51025,4552,3357,7948
148,2020,VIRGINIA,BRUNSWICK,51025,4552,3357,7948
149,2020,VIRGINIA,BRUNSWICK,51025,4552,3357,7948
150,2020,VIRGINIA,BRUNSWICK,51025,4552,3357,7948
151,2020,VIRGINIA,BRUNSWICK,51025,4552,3357,7948
152,2020,VIRGINIA,BRUNSWICK,51025,4552,3357,7948
153,2020,VIRGINIA,BRUNSWICK,51025,4552,3357,7948
154,2020,VIRGINIA,BRUNSWICK,51025,4552,3357,7948
155,2020,VIRGINIA,BRUNSWICK,51025,4552,3357,7948
156,2020,VIRGINIA,BUCHANAN,51027,1587,8311,9957
157,2020,VIRGINIA,BUCHANAN,51027,1587,8311,9957
158,2020,VIRGINIA,BUCHANAN,51027,1587,8311,9957
159,2020,VIRGINIA,BUCHANAN,51027,1587,8311,9957
160,2020,VIRGINIA,BUCHANAN,51027,1587,8311,9957
161,2020,VIRGINIA,BUCHANAN,51027,1587,8311,9957
162,2020,VIRGINIA,BUCHANAN,51027,1587,8311,9957
163,2020,VIRGINIA,BUCHANAN,51027,1587,8311,9957
164,2020,VIRGINIA,BUCHANAN,51027,1587,8311,9957
165,2020,VIRGINIA,BUCHANAN,51027,1587,8311,9957
166,2020,VIRGINIA,BUCHANAN,51027,1587,8311,9957
167,2020,VIRGINIA,BUCHANAN,51027,1587,8311,9957
168,2020,VIRGINIA,BUCKINGHAM,51029,3471,4544,8129
169,2020,VIRGINIA,BUCKINGHAM,51029,3471,4544,8129
170,2020,VIRGINIA,BUCKINGHAM,51029,3471,4544,8129
171,2020,VIRGINIA,BUCKINGHAM,51029,3471,4544,8129
172,2020,VIRGINIA,BUCKINGHAM,51029,3471,4544,8129
173,2020,VIRGINIA,BUCKINGHAM,51029,3471,4544,8129
174,2020,VIRGINIA,BUCKINGHAM,51029,3471,4544,8129
175,2020,VIRGINIA,BUCKINGHAM,51029,3471,4544,8129
176,2020,VIRGINIA,BUCKINGHAM,51029,3471,4544,8129
177,2020,VIRGINIA,BUCKINGHAM,51029,3471,4544,8129
178,2020,VIRGINIA,BUCKINGHAM,51029,3471,4544,8129
179,2020,VIRGINIA,BUCKINGHAM,51029,3471,4544,8129
180,2020,VIRGINIA,CAMPBELL,51031,8070,21245,29901
181,2020,VIRGINIA,CAMPBELL,51031,8070,21245,29901
182,2020,VIRGINIA,CAMPBELL,51031,8070,21245,29901
183,2020,VIRGINIA,CAMPBELL,51031,8070,21245,29901
184,2020,VIRGINIA,CAMPBELL,51031,8070,21245,29901
185,2020,VIRGINIA,CAMPBELL,51031,8070,21245,29901
186,2020,VIRGINIA,CAMPBELL,51031,8070,21245,29901
187,2020,VIRGINIA,CAMPBELL,51031,8070,21245,29901
188,2020,VIRGINIA,CAMPBELL,51031,8070,21245,29901
189,2020,VIRGINIA,CAMPBELL,51031,8070,21245,29901
190,2020,VIRGINIA,CAMPBELL,51031,8070,21245,29901
191,2020,VIRGINIA,CAMPBELL,51031,8070,21245,29901
192,2020,VIRGINIA,CAROLINE,51033,7657,8336,16288
193,2020,VIRGINIA,CAROLINE,51033,7657,8336,16288
194,2020,VIRGINIA,CAROLINE,51033,7657,8336,16288
195,2020,VIRGINIA,CAROLINE,51033,7657,8336,16288
196,2020,VIRGINIA,CAROLINE,51033,7657,8336,16288
197,2020,VIRGINIA,CAROLINE,51033,7657,8336,16288
198,2020,VIRGINIA,CAROLINE,51033,7657,8336,16288
199,2020,VIRGINIA,CAROLINE,51033,7657,8336,16288
200,2020,VIRGINIA,CAROLINE,51033,7657,8336,16288
201,2020,VIRGINIA,CAROLINE,51033,7657,8336,16288
202,2020,VIRGINIA,CAROLINE,51033,7657,8336,16288
203,2020,VIRGINIA,CAROLINE,51033,7657,8336,16288
204,2020,VIRGINIA,CARROLL,51035,2842,12659,15657
205,2020,VIRGINIA,CARROLL,51035,2842,12659,15657
206,2020,VIRGINIA,CARROLL,51035,2842,12659,15657
207,2020,VIRGINIA,CARROLL,51035,2842,12659,15657
208,2020,VIRGINIA,CARROLL,51035,2842,12659,15657
209,2020,VIRGINIA,CARROLL,51035,2842,12659,15657
210,2020,VIRGINIA,CARROLL,51035,2842,12659,15657
211,2020,VIRGINIA,CARROLL,51035,2842,12659,15657
212,2020,VIRGINIA,CARROLL,51035,2842,12659,15657
213,2020,VIRGINIA,CARROLL,51035,2842,12659,15657
214,2020,VIRGINIA,CARROLL,51035,2842,12659,15657
215,2020,VIRGINIA,CARROLL,51035,2842,12659,15657
216,2020,VIRGINIA,CHARLES CITY,51036,2624,1761,4441
217,2020,VIRGINIA,CHARLES CITY,51036,2624,1761,4441
218,2020,VIRGINIA,CHARLES CITY,51036,2624,1761,4441
219,2020,VIRGINIA,CHARLES CITY,51036,2624,1761,4441
220,2020,VIRGINIA,CHARLES CITY,51036,2624,1761,4441
221,2020,VIRGINIA,CHARLES CITY,51036,2624,1761,4441
222,2020,VIRGINIA,CHARLES CITY,51036,2624,1761,4441
223,2020,VIRGINIA,CHARLES CITY,51036,2624,1761,4441
224,2020,VIRGINIA,CHARLES CITY,51036,2624,1761,4441
225,2020,VIRGINIA,CHARLES CITY,51036,2624,1761,4441
226,2020,VIRGINIA,CHARLES CITY,51036,2624,1761,4441
227,2020,VIRGINIA,CHARLES CITY,51036,2624,1761,4441
228,2020,VIRGINIA,CHARLOTTE,51037,2317,3815,6191
229,2020,VIRGINIA,CHARLOTTE,51037,2317,3815,6191
230,2020,VIRGINIA,CHARLOTTE,51037,2317,3815,6191
231,2020,VIRGINIA,CHARLOTTE,51037,2317,3815,6191
232,2020,VIRGINIA,CHARLOTTE,51037,2317,3815,6191
233,2020,VIRGINIA,CHARLOTTE,51037,2317,3815,6191
234,2020,VIRGINIA,CHARLOTTE,51037,2317,3815,6191
235,2020,VIRGINIA,CHARLOTTE,51037,2317,3815,6191
236,2020,VIRGINIA,CHARLOTTE,51037,2317,3815,6191
237,2020,VIRGINIA,CHARLOTTE,51037,2317,3815,6191
238,2020,VIRGINIA,CHARLOTTE,51037,2317,3815,6191
239,2020,VIRGINIA,CHARLOTTE,51037,2317,3815,6191
240,2020,VIRGINIA,CHESTERFIELD,51041,106935,93326,203955
241,2020,VIRGINIA,CHESTERFIELD,51041,106935,93326,203955
242,2020,VIRGINIA,CHESTERFIELD,51041,106935,93326,203955
243,2020,VIRGINIA,CHESTERFIELD,51041,106935,93326,203955
244,2020,VIRGINIA,CHESTERFIELD,51041,106935,93326,203955
245,2020,VIRGINIA,CHESTERFIELD,51041,106935,93326,203955
246,2020,VIRGINIA,CHESTERFIELD,51041,106935,93326,203955
247,2020,VIRGINIA,CHESTERFIELD,51041,106935,93326,203955
248,2020,VIRGINIA,CHESTERFIELD,51041,106935,93326,203955
249,2020,VIRGINIA,CHESTERFIELD,51041,106935,93326,203955
250,2020,VIRGINIA,CHESTERFIELD,51041,106935,93326,203955
251,2020,VIRGINIA,CHESTERFIELD,51041,106935,93326,203955
252,2020,VIRGINIA,CLARKE,51043,3920,5192,9337
253,2020,VIRGINIA,CLARKE,51043,3920,5192,9337
254,2020,VIRGINIA,CLARKE,51043,3920,5192,9337
255,2020,VIRGINIA,CLARKE,51043,3920,5192,9337
256,2020,VIRGINIA,CLARKE,51043,3920,5192,9337
257,2020,VIRGINIA,CLARKE,51043,3920,5192,9337
258,2020,VIRGINIA,CLARKE,51043,3920,5192,9337
259,2020,VIRGINIA,CLARKE,51043,3920,5192,9337
260,2020,VIRGINIA,CLARKE,51043,3920,5192,9337
261,2020,VIRGINIA,CLARKE,51043,3920,5192,9337
262,2020,VIRGINIA,CLARKE,51043,3920,5192,9337
263,2020,VIRGINIA,CLARKE,51043,3920,5192,9337
264,2020,VIRGINIA,CRAIG,51045,587,2536,3170
265,2020,VIRGINIA,CRAIG,51045,587,2536,3170
266,2020,VIRGINIA,CRAIG,51045,587,2536,3170
267,2020,VIRGINIA,CRAIG,51045,587,2536,3170
268,2020,VIRGINIA,CRAIG,51045,587,2536,3170
269,2020,VIRGINIA,CRAIG,51045,587,2536,3170
270,2020,VIRGINIA,CRAIG,51045,587,2536,3170
271,2020,VIRGINIA,CRAIG,51045,587,2536,3170
272,2020,VIRGINIA,CRAIG,51045,587,2536,3170
273,2020,VIRGINIA,CRAIG,51045,587,2536,3170
274,2020,VIRGINIA,CRAIG,51045,587,2536,3170
275,2020,VIRGINIA,CRAIG,51045,587,2536,3170
276,2020,VIRGINIA,CULPEPER,51047,10617,16012,27116
277,2020,VIRGINIA,CULPEPER,51047,10617,16012,27116
278,2020,VIRGINIA,CULPEPER,51047,10617,16012,27116
279,2020,VIRGINIA,CULPEPER,51047,10617,16012,27116
280,2020,VIRGINIA,CULPEPER,51047,10617,16012,27116
281,2020,VIRGINIA,CULPEPER,51047,10617,16012,27116
282,2020,VIRGINIA,CULPEPER,51047,10617,16012,27116
283,2020,VIRGINIA,CULPEPER,51047,10617,16012,27116
284,2020,VIRGINIA,CULPEPER,51047,10617,16012,27116
285,2020,VIRGINIA,CULPEPER,51047,10617,16012,27116
286,2020,VIRGINIA,CULPEPER,51047,10617,16012,27116
287,2020,VIRGINIA,CULPEPER,51047,10617,16012,27116
288,2020,VIRGINIA,CUMBERLAND,51049,2227,3019,5313
289,2020,VIRGINIA,CUMBERLAND,51049,2227,3019,5313
290,2020,VIRGINIA,CUMBERLAND,51049,2227,3019,5313
291,2020,VIRGINIA,CUMBERLAND,51049,2227,3019,5313
292,2020,VIRGINIA,CUMBERLAND,51049,2227,3019,5313
293,2020,VIRGINIA,CUMBERLAND,51049,2227,3019,5313
294,2020,VIRGINIA,CUMBERLAND,51049,2227,3019,5313
295,2020,VIRGINIA,CUMBERLAND,51049,2227,3019,5313
296,2020,VIRGINIA,CUMBERLAND,51049,2227,3019,5313
297,2020,VIRGINIA,CUMBERLAND,51049,2227,3019,5313
298,2020,VIRGINIA,CUMBERLAND,51049,2227,3019,5313
299,2020,VIRGINIA,CUMBERLAND,51049,2227,3019,5313
300,2020,VIRGINIA,DICKENSON,51051,1503,5748,7307
301,2020,VIRGINIA,DICKENSON,51051,1503,5748,7307
302,2020,VIRGINIA,DICKENSON,51051,1503,5748,7307
303,2020,VIRGINIA,DICKENSON,51051,1503,5748,7307
304,2020,VIRGINIA,DICKENSON,51051,1503,5748,7307
305,2020,VIRGINIA,DICKENSON,51051,1503,5748,7307
306,2020,VIRGINIA,DICKENSON,51051,1503,5748,7307
307,2020,VIRGINIA,DICKENSON,51051,1503,5748,7307
308,2020,VIRGINIA,DICKENSON,51051,1503,5748,7307
309,2020,VIRGINIA,DICKENSON,51051,1503,5748,7307
310,2020,VIRGINIA,DICKENSON,51051,1503,5748,7307
311,2020,VIRGINIA,DICKENSON,51051,1503,5748,7307
312,2020,VIRGINIA,DINWIDDIE,51053,6224,8695,15092
313,2020,VIRGINIA,DINWIDDIE,51053,6224,8695,15092
314,2020,VIRGINIA,DINWIDDIE,51053,6224,8695,15092
315,2020,VIRGINIA,DINWIDDIE,51053,6224,8695,15092
316,2020,VIRGINIA,DINWIDDIE,51053,6224,8695,15092
317,2020,VIRGINIA,DINWIDDIE,51053,6224,8695,15092
318,2020,VIRGINIA,DINWIDDIE,51053,6224,8695,15092
319,2020,VIRGINIA,DINWIDDIE,51053,6224,8695,15092
320,2020,VIRGINIA,DINWIDDIE,51053,6224,8695,15092
321,2020,VIRGINIA,DINWIDDIE,51053,6224,8695,15092
322,2020,VIRGINIA,DINWIDDIE,51053,6224,8695,15092
323,2020,VIRGINIA,DINWIDDIE,51053,6224,8695,15092
324,2020,VIRGINIA,ESSEX,51057,3038,3075,6178
325,2020,VIRGINIA,ESSEX,51057,3038,3075,6178
326,2020,VIRGINIA,ESSEX,51057,3038,3075,6178
327,2020,VIRGINIA,ESSEX,51057,3038,3075,6178
328,2020,VIRGINIA,ESSEX,51057,3038,3075,6178
329,2020,VIRGINIA,ESSEX,51057,3038,3075,6178
330,2020,VIRGINIA,ESSEX,51057,3038,3075,6178
331,2020,VIRGINIA,ESSEX,51057,3038,3075,6178
332,2020,VIRGINIA,ESSEX,51057,3038,3075,6178
333,2020,VIRGINIA,ESSEX,51057,3038,3075,6178
334,2020,VIRGINIA,ESSEX,51057,3038,3075,6178
335,2020,VIRGINIA,ESSEX,51057,3038,3075,6178
336,2020,VIRGINIA,FAIRFAX,51059,419943,168401,601243
337,2020,VIRGINIA,FAIRFAX,51059,419943,168401,601243
338,2020,VIRGINIA,FAIRFAX,51059,419943,168401,601243
339,2020,VIRGINIA,FAIRFAX,51059,419943,168401,601243
340,2020,VIRGINIA,FAIRFAX,51059,419943,168401,601243
341,2020,VIRGINIA,FAIRFAX,51059,419943,168401,601243
342,2020,VIRGINIA,FAIRFAX,51059,419943,168401,601243
343,2020,VIRGINIA,FAIRFAX,51059,419943,168401,601243
344,2020,VIRGINIA,FAIRFAX,51059,419943,168401,601243
345,2020,VIRGINIA,FAIRFAX,51059,419943,168401,601243
346,2020,VIRGINIA,FAIRFAX,51059,419943,168401,601243
347,2020,VIRGINIA,FAIRFAX,51059,419943,168401,601243
348,2020,VIRGINIA,FAUQUIER,51061,17565,25106,43671
349,2020,VIRGINIA,FAUQUIER,51061,17565,25106,43671
350,2020,VIRGINIA,FAUQUIER,51061,17565,25106,43671
351,2020,VIRGINIA,FAUQUIER,51061,17565,25106,43671
352,2020,VIRGINIA,FAUQUIER,51061,17565,25106,43671
353,2020,VIRGINIA,FAUQUIER,51061,17565,25106,43671
354,2020,VIRGINIA,FAUQUIER,51061,17565,25106,43671
355,2020,VIRGINIA,FAUQUIER,51061,17565,25106,43671
356,2020,VIRGINIA,FAUQUIER,51061,17565,25106,43671
357,2020,VIRGINIA,FAUQUIER,51061,17565,25106,43671
358,2020,VIRGINIA,FAUQUIER,51061,17565,25106,43671
359,2020,VIRGINIA,FAUQUIER,51061,17565,25106,43671
360,2020,VIRGINIA,FLOYD,51063,3004,6225,9412
361,2020,VIRGINIA,FLOYD,51063,3004,6225,9412
362,2020,VIRGINIA,FLOYD,51063,3004,6225,9412
363,2020,VIRGINIA,FLOYD,51063,3004,6225,9412
364,2020,VIRGINIA,FLOYD,51063,3004,6225,9412
365,2020,VIRGINIA,FLOYD,51063,3004,6225,9412
366,2020,VIRGINIA,FLOYD,51063,3004,6225,9412
367,2020,VIRGINIA,FLOYD,51063,3004,6225,9412
368,2020,VIRGINIA,FLOYD,51063,3004,6225,9412
369,2020,VIRGINIA,FLOYD,51063,3004,6225,9412
370,2020,VIRGINIA,FLOYD,51063,3004,6225,9412
371,2020,VIRGINIA,FLOYD,51063,3004,6225,9412
372,2020,VIRGINIA,FLUVANNA,51065,7414,8155,15846
373,2020,VIRGINIA,FLUVANNA,51065,7414,8155,15846
374,2020,VIRGINIA,FLUVANNA,51065,7414,8155,15846
375,2020,VIRGINIA,FLUVANNA,51065,7414,8155,15846
376,2020,VIRGINIA,FLUVANNA,51065,7414,8155,15846
377,2020,VIRGINIA,FLUVANNA,51065,7414,8155,15846
378,2020,VIRGINIA,FLUVANNA,51065,7414,8155,15846
379,2020,VIRGINIA,FLUVANNA,51065,7414,8155,15846
380,2020,VIRGINIA,FLUVANNA,51065,7414,8155,15846
381,2020,VIRGINIA,FLUVANNA,51065,7414,8155,15846
382,2020,VIRGINIA,FLUVANNA,51065,7414,8155,15846
383,2020,VIRGINIA,FLUVANNA,51065,7414,8155,15846
384,2020,VIRGINIA,FRANKLIN,51067,8381,20895,29704
385,2020,VIRGINIA,FRANKLIN,51067,8381,20895,29704
386,2020,VIRGINIA,FRANKLIN,51067,8381,20895,29704
387,2020,VIRGINIA,FRANKLIN,51067,8381,20895,29704
388,2020,VIRGINIA,FRANKLIN,51067,8381,20895,29704
389,2020,VIRGINIA,FRANKLIN,51067,8381,20895,29704
390,2020,VIRGINIA,FRANKLIN,51067,8381,20895,29704
391,2020,VIRGINIA,FRANKLIN,51067,8381,20895,29704
392,2020,VIRGINIA,FRANKLIN,51067,8381,20895,29704
393,2020,VIRGINIA,FRANKLIN,51067,8381,20895,29704
394,2020,VIRGINIA,FRANKLIN,51067,8381,20895,29704
395,2020,VIRGINIA,FRANKLIN,51067,8381,20895,29704
396,2020,VIRGINIA,FREDERICK,51069,17207,30558,48718
397,2020,VIRGINIA,FREDERICK,51069,17207,30558,48718
398,2020,VIRGINIA,FREDERICK,51069,17207,30558,48718
399,2020,VIRGINIA,FREDERICK,51069,17207,30558,48718
400,2020,VIRGINIA,FREDERICK,51069,17207,30558,48718
401,2020,VIRGINIA,FREDERICK,51069,17207,30558,48718
402,2020,VIRGINIA,FREDERICK,51069,17207,30558,48718
403,2020,VIRGINIA,FREDERICK,51069,17207,30558,48718
404,2020,VIRGINIA,FREDERICK,51069,17207,30558,48718
405,2020,VIRGINIA,FREDERICK,51069,17207,30558,48718
406,2020,VIRGINIA,FREDERICK,51069,17207,30558,48718
407,2020,VIRGINIA,FREDERICK,51069,17207,30558,48718
408,2020,VIRGINIA,GILES,51071,2156,6876,9178
409,2020,VIRGINIA,GILES,51071,2156,6876,9178
410,2020,VIRGINIA,GILES,51071,2156,6876,9178
411,2020,VIRGINIA,GILES,51071,2156,6876,9178
412,2020,VIRGINIA,GILES,51071,2156,6876,9178
413,2020,VIRGINIA,GILES,51071,2156,6876,9178
414,2020,VIRGINIA,GILES,51071,2156,6876,9178
415,2020,VIRGINIA,GILES,51071,2156,6876,9178
416,2020,VIRGINIA,GILES,51071,2156,6876,9178
417,2020,VIRGINIA,GILES,51071,2156,6876,9178
418,2020,VIRGINIA,GILES,51071,2156,6876,9178
419,2020,VIRGINIA,GILES,51071,2156,6876,9178
420,2020,VIRGINIA,GLOUCESTER,51073,6964,14875,22284
421,2020,VIRGINIA,GLOUCESTER,51073,6964,14875,22284
422,2020,VIRGINIA,GLOUCESTER,51073,6964,14875,22284
423,2020,VIRGINIA,GLOUCESTER,51073,6964,14875,22284
424,2020,VIRGINIA,GLOUCESTER,51073,6964,14875,22284
425,2020,VIRGINIA,GLOUCESTER,51073,6964,14875,22284
426,2020,VIRGINIA,GLOUCESTER,51073,6964,14875,22284
427,2020,VIRGINIA,GLOUCESTER,51073,6964,14875,22284
428,2020,VIRGINIA,GLOUCESTER,51073,6964,14875,22284
429,2020,VIRGINIA,GLOUCESTER,51073,6964,14875,22284
430,2020,VIRGINIA,GLOUCESTER,51073,6964,14875,22284
431,2020,VIRGINIA,GLOUCESTER,51073,6964,14875,22284
432,2020,VIRGINIA,GOOCHLAND,51075,6685,9966,16952
433,2020,VIRGINIA,GOOCHLAND,51075,6685,9966,16952
434,2020,VIRGINIA,GOOCHLAND,51075,6685,9966,16952
435,2020,VIRGINIA,GOOCHLAND,51075,6685,9966,16952
436,2020,VIRGINIA,GOOCHLAND,51075,6685,9966,16952
437,2020,VIRGINIA,GOOCHLAND,51075,6685,9966,16952
438,2020,VIRGINIA,GOOCHLAND,51075,6685,9966,16952
439,2020,VIRGINIA,GOOCHLAND,51075,6685,9966,16952
440,2020,VIRGINIA,GOOCHLAND,51075,6685,9966,16952
441,2020,VIRGINIA,GOOCHLAND,51075,6685,9966,16952
442,2020,VIRGINIA,GOOCHLAND,51075,6685,9966,16952
443,2020,VIRGINIA,GOOCHLAND,51075,6685,9966,16952
444,2020,VIRGINIA,GRAYSON,51077,1535,6529,8131
445,2020,VIRGINIA,GRAYSON,51077,1535,6529,8131
446,2020,VIRGINIA,GRAYSON,51077,1535,6529,8131
447,2020,VIRGINIA,GRAYSON,51077,1535,6529,8131
448,2020,VIRGINIA,GRAYSON,51077,1535,6529,8131
449,2020,VIRGINIA,GRAYSON,51077,1535,6529,8131
450,2020,VIRGINIA,GRAYSON,51077,1535,6529,8131
451,2020,VIRGINIA,GRAYSON,51077,1535,6529,8131
452,2020,VIRGINIA,GRAYSON,51077,1535,6529,8131
453,2020,VIRGINIA,GRAYSON,51077,1535,6529,8131
454,2020,VIRGINIA,GRAYSON,51077,1535,6529,8131
455,2020,VIRGINIA,GRAYSON,51077,1535,6529,8131
456,2020,VIRGINIA,GREENE,51079,4163,6866,11313
457,2020,VIRGINIA,GREENE,51079,4163,6866,11313
458,2020,VIRGINIA,GREENE,51079,4163,6866,11313
459,2020,VIRGINIA,GREENE,51079,4163,6866,11313
460,2020,VIRGINIA,GREENE,51079,4163,6866,11313
461,2020,VIRGINIA,GREENE,51079,4163,6866,11313
462,2020,VIRGINIA,GREENE,51079,4163,6866,11313
463,2020,VIRGINIA,GREENE,51079,4163,6866,11313
464,2020,VIRGINIA,GREENE,51079,4163,6866,11313
465,2020,VIRGINIA,GREENE,51079,4163,6866,11313
466,2020,VIRGINIA,GREENE,51079,4163,6866,11313
467,2020,VIRGINIA,GREENE,51079,4163,6866,11313
468,2020,VIRGINIA,GREENSVILLE,51081,2627,1914,4574
469,2020,VIRGINIA,GREENSVILLE,51081,2627,1914,4574
470,2020,VIRGINIA,GREENSVILLE,51081,2627,1914,4574
471,2020,VIRGINIA,GREENSVILLE,51081,2627,1914,4574
472,2020,VIRGINIA,GREENSVILLE,51081,2627,1914,4574
473,2020,VIRGINIA,GREENSVILLE,51081,2627,1914,4574
474,2020,VIRGINIA,GREENSVILLE,51081,2627,1914,4574
475,2020,VIRGINIA,GREENSVILLE,51081,2627,1914,4574
476,2020,VIRGINIA,GREENSVILLE,51081,2627,1914,4574
477,2020,VIRGINIA,GREENSVILLE,51081,2627,1914,4574
478,2020,VIRGINIA,GREENSVILLE,51081,2627,1914,4574
479,2020,VIRGINIA,GREENSVILLE,51081,2627,1914,4574
480,2020,VIRGINIA,HALIFAX,51083,7666,10418,18248
481,2020,VIRGINIA,HALIFAX,51083,7666,10418,18248
482,2020,VIRGINIA,HALIFAX,51083,7666,10418,18248
483,2020,VIRGINIA,HALIFAX,51083,7666,10418,18248
484,2020,VIRGINIA,HALIFAX,51083,7666,10418,18248
485,2020,VIRGINIA,HALIFAX,51083,7666,10418,18248
486,2020,VIRGINIA,HALIFAX,51083,7666,10418,18248
487,2020,VIRGINIA,HALIFAX,51083,7666,10418,18248
488,2020,VIRGINIA,HALIFAX,51083,7666,10418,18248
489,2020,VIRGINIA,HALIFAX,51083,7666,10418,18248
490,2020,VIRGINIA,HALIFAX,51083,7666,10418,18248
491,2020,VIRGINIA,HALIFAX,51083,7666,10418,18248
492,2020,VIRGINIA,HANOVER,51085,25307,44318,70988
493,2020,VIRGINIA,HANOVER,51085,25307,44318,70988
494,2020,VIRGINIA,HANOVER,51085,25307,44318,70988
495,2020,VIRGINIA,HANOVER,51085,25307,44318,70988
496,2020,VIRGINIA,HANOVER,51085,25307,44318,70988
497,2020,VIRGINIA,HANOVER,51085,25307,44318,70988
498,2020,VIRGINIA,HANOVER,51085,25307,44318,70988
499,2020,VIRGINIA,HANOVER,51085,25307,44318,70988
500,2020,VIRGINIA,HANOVER,51085,25307,44318,70988
501,2020,VIRGINIA,HANOVER,51085,25307,44318,70988
502,2020,VIRGINIA,HANOVER,51085,25307,44318,70988
503,2020,VIRGINIA,HANOVER,51085,25307,44318,70988
504,2020,VIRGINIA,HENRICO,51087,116572,63440,183299
505,2020,VIRGINIA,HENRICO,51087,116572,63440,183299
506,2020,VIRGINIA,HENRICO,51087,116572,63440,183299
507,2020,VIRGINIA,HENRICO,51087,116572,63440,183299
508,2020,VIRGINIA,HENRICO,51087,116572,63440,183299
509,2020,VIRGINIA,HENRICO,51087,116572,63440,183299
510,2020,VIRGINIA,HENRICO,51087,116572,63440,183299
511,2020,VIRGINIA,HENRICO,51087,116572,63440,183299
512,2020,VIRGINIA,HENRICO,51087,116572,63440,183299
513,2020,VIRGINIA,HENRICO,51087,116572,63440,183299
514,2020,VIRGINIA,HENRICO,51087,116572,63440,183299
515,2020,VIRGINIA,HENRICO,51087,116572,63440,183299
516,2020,VIRGINIA,HENRY,51089,9127,16725,26105
517,2020,VIRGINIA,HENRY,51089,9127,16725,26105
518,2020,VIRGINIA,HENRY,51089,9127,16725,26105
519,2020,VIRGINIA,HENRY,51089,9127,16725,26105
520,2020,VIRGINIA,HENRY,51089,9127,16725,26105
521,2020,VIRGINIA,HENRY,51089,9127,16725,26105
522,2020,VIRGINIA,HENRY,51089,9127,16725,26105
523,2020,VIRGINIA,HENRY,51089,9127,16725,26105
524,2020,VIRGINIA,HENRY,51089,9127,16725,26105
525,2020,VIRGINIA,HENRY,51089,9127,16725,26105
526,2020,VIRGINIA,HENRY,51089,9127,16725,26105
527,2020,VIRGINIA,HENRY,51089,9127,16725,26105
528,2020,VIRGINIA,HIGHLAND,51091,417,1092,1533
529,2020,VIRGINIA,HIGHLAND,51091,417,1092,1533
530,2020,VIRGINIA,HIGHLAND,51091,417,1092,1533
531,2020,VIRGINIA,HIGHLAND,51091,417,1092,1533
532,2020,VIRGINIA,HIGHLAND,51091,417,1092,1533
533,2020,VIRGINIA,HIGHLAND,51091,417,1092,1533
534,2020,VIRGINIA,HIGHLAND,51091,417,1092,1533
535,2020,VIRGINIA,HIGHLAND,51091,417,1092,1533
536,2020,VIRGINIA,HIGHLAND,51091,417,1092,1533
537,2020,VIRGINIA,HIGHLAND,51091,417,1092,1533
538,2020,VIRGINIA,HIGHLAND,51091,417,1092,1533
539,2020,VIRGINIA,HIGHLAND,51091,417,1092,1533
540,2020,VIRGINIA,ISLE OF WIGHT,51093,9399,13707,23456
541,2020,VIRGINIA,ISLE OF WIGHT,51093,9399,13707,23456
542,2020,VIRGINIA,ISLE OF WIGHT,51093,9399,13707,23456
543,2020,VIRGINIA,ISLE OF WIGHT,51093,9399,13707,23456
544,2020,VIRGINIA,ISLE OF WIGHT,51093,9399,13707,23456
545,2020,VIRGINIA,ISLE OF WIGHT,51093,9399,13707,23456
546,2020,VIRGINIA,ISLE OF WIGHT,51093,9399,13707,23456
547,2020,VIRGINIA,ISLE OF WIGHT,51093,9399,13707,23456
548,2020,VIRGINIA,ISLE OF WIGHT,51093,9399,13707,23456
549,2020,VIRGINIA,ISLE OF WIGHT,51093,9399,13707,23456
550,2020,VIRGINIA,ISLE OF WIGHT,51093,9399,13707,23456
551,2020,VIRGINIA,ISLE OF WIGHT,51093,9399,13707,23456
552,2020,VIRGINIA,JAMES CITY,51095,25553,23153,49639
553,2020,VIRGINIA,JAMES CITY,51095,25553,23153,49639
554,2020,VIRGINIA,JAMES CITY,51095,25553,23153,49639
555,2020,VIRGINIA,JAMES CITY,51095,25553,23153,49639
556,2020,VIRGINIA,JAMES CITY,51095,25553,23153,49639
557,2020,VIRGINIA,JAMES CITY,51095,25553,23153,49639
558,2020,VIRGINIA,JAMES CITY,51095,25553,23153,49639
559,2020,VIRGINIA,JAMES CITY,51095,25553,23153,49639
560,2020,VIRGINIA,JAMES CITY,51095,25553,23153,49639
561,2020,VIRGINIA,JAMES CITY,51095,25553,23153,49639
562,2020,VIRGINIA,JAMES CITY,51095,25553,23153,49639
563,2020,VIRGINIA,JAMES CITY,51095,25553,23153,49639
564,2020,VIRGINIA,KING AND QUEEN,51097,1590,2450,4115
565,2020,VIRGINIA,KING AND QUEEN,51097,1590,2450,4115
566,2020,VIRGINIA,KING AND QUEEN,51097,1590,2450,4115
567,2020,VIRGINIA,KING AND QUEEN,51097,1590,2450,4115
568,2020,VIRGINIA,KING AND QUEEN,51097,1590,2450,4115
569,2020,VIRGINIA,KING AND QUEEN,51097,1590,2450,4115
570,2020,VIRGINIA,KING AND QUEEN,51097,1590,2450,4115
571,2020,VIRGINIA,KING AND QUEEN,51097,1590,2450,4115
572,2020,VIRGINIA,KING AND QUEEN,51097,1590,2450,4115
573,2020,VIRGINIA,KING AND QUEEN,51097,1590,2450,4115
574,2020,VIRGINIA,KING AND QUEEN,51097,1590,2450,4115
575,2020,VIRGINIA,KING AND QUEEN,51097,1590,2450,4115
576,2020,VIRGINIA,KING GEORGE,51099,5404,8446,14227
577,2020,VIRGINIA,KING GEORGE,51099,5404,8446,14227
578,2020,VIRGINIA,KING GEORGE,51099,5404,8446,14227
579,2020,VIRGINIA,KING GEORGE,51099,5404,8446,14227
580,2020,VIRGINIA,KING GEORGE,51099,5404,8446,14227
581,2020,VIRGINIA,KING GEORGE,51099,5404,8446,14227
582,2020,VIRGINIA,KING GEORGE,51099,5404,8446,14227
583,2020,VIRGINIA,KING GEORGE,51099,5404,8446,14227
584,2020,VIRGINIA,KING GEORGE,51099,5404,8446,14227
585,2020,VIRGINIA,KING GEORGE,51099,5404,8446,14227
586,2020,VIRGINIA,KING GEORGE,51099,5404,8446,14227
587,2020,VIRGINIA,KING GEORGE,51099,5404,8446,14227
588,2020,VIRGINIA,KING WILLIAM,51101,3260,7320,10737
589,2020,VIRGINIA,KING WILLIAM,51101,3260,7320,10737
590,2020,VIRGINIA,KING WILLIAM,51101,3260,7320,10737
591,2020,VIRGINIA,KING WILLIAM,51101,3260,7320,10737
592,2020,VIRGINIA,KING WILLIAM,51101,3260,7320,10737
593,2020,VIRGINIA,KING WILLIAM,51101,3260,7320,10737
594,2020,VIRGINIA,KING WILLIAM,51101,3260,7320,10737
595,2020,VIRGINIA,KING WILLIAM,51101,3260,7320,10737
596,2020,VIRGINIA,KING WILLIAM,51101,3260,7320,10737
597,2020,VIRGINIA,KING WILLIAM,51101,3260,7320,10737
598,2020,VIRGINIA,KING WILLIAM,51101,3260,7320,10737
599,2020,VIRGINIA,KING WILLIAM,51101,3260,7320,10737
600,2020,VIRGINIA,LANCASTER,51103,3368,3697,7152
601,2020,VIRGINIA,LANCASTER,51103,3368,3697,7152
602,2020,VIRGINIA,LANCASTER,51103,3368,3697,7152
603,2020,VIRGINIA,LANCASTER,51103,3368,3697,7152
604,2020,VIRGINIA,LANCASTER,51103,3368,3697,7152
605,2020,VIRGINIA,LANCASTER,51103,3368,3697,7152
606,2020,VIRGINIA,LANCASTER,51103,3368,3697,7152
607,2020,VIRGINIA,LANCASTER,51103,3368,3697,7152
608,2020,VIRGINIA,LANCASTER,51103,3368,3697,7152
609,2020,VIRGINIA,LANCASTER,51103,3368,3697,7152
610,2020,VIRGINIA,LANCASTER,51103,3368,3697,7152
611,2020,VIRGINIA,LANCASTER,51103,3368,3697,7152
612,2020,VIRGINIA,LEE,51105,1489,8365,9947
613,2020,VIRGINIA,LEE,51105,1489,8365,9947
614,2020,VIRGINIA,LEE,51105,1489,8365,9947
615,2020,VIRGINIA,LEE,51105,1489,8365,9947
616,2020,VIRGINIA,LEE,51105,1489,8365,9947
617,2020,VIRGINIA,LEE,51105,1489,8365,9947
618,2020,VIRGINIA,LEE,51105,1489,8365,9947
619,2020,VIRGINIA,LEE,51105,1489,8365,9947
620,2020,VIRGINIA,LEE,51105,1489,8365,9947
621,2020,VIRGINIA,LEE,51105,1489,8365,9947
622,2020,VIRGINIA,LEE,51105,1489,8365,9947
623,2020,VIRGINIA,LEE,51105,1489,8365,9947
624,2020,VIRGINIA,LOUDOUN,51107,138372,82088,224976
625,2020,VIRGINIA,LOUDOUN,51107,138372,82088,224976
626,2020,VIRGINIA,LOUDOUN,51107,138372,82088,224976
627,2020,VIRGINIA,LOUDOUN,51107,138372,82088,224976
628,2020,VIRGINIA,LOUDOUN,51107,138372,82088,224976
629,2020,VIRGINIA,LOUDOUN,51107,138372,82088,224976
630,2020,VIRGINIA,LOUDOUN,51107,138372,82088,224976
631,2020,VIRGINIA,LOUDOUN,51107,138372,82088,224976
632,2020,VIRGINIA,LOUDOUN,51107,138372,82088,224976
633,2020,VIRGINIA,LOUDOUN,51107,138372,82088,224976
634,2020,VIRGINIA,LOUDOUN,51107,138372,82088,224976
635,2020,VIRGINIA,LOUDOUN,51107,138372,82088,224976
636,2020,VIRGINIA,LOUISA,51109,8269,13294,21916
637,2020,VIRGINIA,LOUISA,51109,8269,13294,21916
638,2020,VIRGINIA,LOUISA,51109,8269,13294,21916
639,2020,VIRGINIA,LOUISA,51109,8269,13294,21916
640,2020,VIRGINIA,LOUISA,51109,8269,13294,21916
641,2020,VIRGINIA,LOUISA,51109,8269,13294,21916
642,2020,VIRGINIA,LOUISA,51109,8269,13294,21916
643,2020,VIRGINIA,LOUISA,51109,8269,13294,21916
644,2020,VIRGINIA,LOUISA,51109,8269,13294,21916
645,2020,VIRGINIA,LOUISA,51109,8269,13294,21916
646,2020,VIRGINIA,LOUISA,51109,8269,13294,21916
647,2020,VIRGINIA,LOUISA,51109,8269,13294,21916
648,2020,VIRGINIA,LUNENBURG,51111,2418,3537,6002
649,2020,VIRGINIA,LUNENBURG,51111,2418,3537,6002
650,2020,VIRGINIA,LUNENBURG,51111,2418,3537,6002
651,2020,VIRGINIA,LUNENBURG,51111,2418,3537,6002
652,2020,VIRGINIA,LUNENBURG,51111,2418,3537,6002
653,2020,VIRGINIA,LUNENBURG,51111,2418,3537,6002
654,2020,VIRGINIA,LUNENBURG,51111,2418,3537,6002
655,2020,VIRGINIA,LUNENBURG,51111,2418,3537,6002
656,2020,VIRGINIA,LUNENBURG,51111,2418,3537,6002
657,2020,VIRGINIA,LUNENBURG,51111,2418,3537,6002
658,2020,VIRGINIA,LUNENBURG,51111,2418,3537,6002
659,2020,VIRGINIA,LUNENBURG,51111,2418,3537,6002
660,2020,VIRGINIA,MADISON,51113,2698,5300,8133
661,2020,VIRGINIA,MADISON,51113,2698,5300,8133
662,2020,VIRGINIA,MADISON,51113,2698,5300,8133
663,2020,VIRGINIA,MADISON,51113,2698,5300,8133
664,2020,VIRGINIA,MADISON,51113,2698,5300,8133
665,2020,VIRGINIA,MADISON,51113,2698,5300,8133
666,2020,VIRGINIA,MADISON,51113,2698,5300,8133
667,2020,VIRGINIA,MADISON,51113,2698,5300,8133
668,2020,VIRGINIA,MADISON,51113,2698,5300,8133
669,2020,VIRGINIA,MADISON,51113,2698,5300,8133
670,2020,VIRGINIA,MADISON,51113,2698,5300,8133
671,2020,VIRGINIA,MADISON,51113,2698,5300,8133
672,2020,VIRGINIA,MATHEWS,51115,1825,3901,5829
673,2020,VIRGINIA,MATHEWS,51115,1825,3901,5829
674,2020,VIRGINIA,MATHEWS,51115,1825,3901,5829
675,2020,VIRGINIA,MATHEWS,51115,1825,3901,5829
676,2020,VIRGINIA,MATHEWS,51115,1825,3901,5829
677,2020,VIRGINIA,MATHEWS,51115,1825,3901,5829
678,2020,VIRGINIA,MATHEWS,51115,1825,3901,5829
679,2020,VIRGINIA,MATHEWS,51115,1825,3901,5829
680,2020,VIRGINIA,MATHEWS,51115,1825,3901,5829
681,2020,VIRGINIA,MATHEWS,51115,1825,3901,5829
682,2020,VIRGINIA,MATHEWS,51115,1825,3901,5829
683,2020,VIRGINIA,MATHEWS,51115,1825,3901,5829
684,2020,VIRGINIA,MECKLENBURG,51117,6803,9266,16207
685,2020,VIRGINIA,MECKLENBURG,51117,6803,9266,16207
686,2020,VIRGINIA,MECKLENBURG,51117,6803,9266,16207
687,2020,VIRGINIA,MECKLENBURG,51117,6803,9266,16207
688,2020,VIRGINIA,MECKLENBURG,51117,6803,9266,16207
689,2020,VIRGINIA,MECKLENBURG,51117,6803,9266,16207
690,2020,VIRGINIA,MECKLENBURG,51117,6803,9266,16207
691,2020,VIRGINIA,MECKLENBURG,51117,6803,9266,16207
692,2020,VIRGINIA,MECKLENBURG,51117,6803,9266,16207
693,2020,VIRGINIA,MECKLENBURG,51117,6803,9266,16207
694,2020,VIRGINIA,MECKLENBURG,51117,6803,9266,16207
695,2020,VIRGINIA,MECKLENBURG,51117,6803,9266,16207
696,2020,VIRGINIA,MIDDLESEX,51119,2491,4196,6785
697,2020,VIRGINIA,MIDDLESEX,51119,2491,4196,6785
698,2020,VIRGINIA,MIDDLESEX,51119,2491,4196,6785
699,2020,VIRGINIA,MIDDLESEX,51119,2491,4196,6785
700,2020,VIRGINIA,MIDDLESEX,51119,2491,4196,6785
701,2020,VIRGINIA,MIDDLESEX,51119,2491,4196,6785
702,2020,VIRGINIA,MIDDLESEX,51119,2491,4196,6785
703,2020,VIRGINIA,MIDDLESEX,51119,2491,4196,6785
704,2020,VIRGINIA,MIDDLESEX,51119,2491,4196,6785
705,2020,VIRGINIA,MIDDLESEX,51119,2491,4196,6785
706,2020,VIRGINIA,MIDDLESEX,51119,2491,4196,6785
707,2020,VIRGINIA,MIDDLESEX,51119,2491,4196,6785
708,2020,VIRGINIA,MONTGOMERY,51121,23218,20629,45037
709,2020,VIRGINIA,MONTGOMERY,51121,23218,20629,45037
710,2020,VIRGINIA,MONTGOMERY,51121,23218,20629,45037
711,2020,VIRGINIA,MONTGOMERY,51121,23218,20629,45037
712,2020,VIRGINIA,MONTGOMERY,51121,23218,20629,45037
713,2020,VIRGINIA,MONTGOMERY,51121,23218,20629,45037
714,2020,VIRGINIA,MONTGOMERY,51121,23218,20629,45037
715,2020,VIRGINIA,MONTGOMERY,51121,23218,20629,45037
716,2020,VIRGINIA,MONTGOMERY,51121,23218,20629,45037
717,2020,VIRGINIA,MONTGOMERY,51121,23218,20629,45037
718,2020,VIRGINIA,MONTGOMERY,51121,23218,20629,45037
719,2020,VIRGINIA,MONTGOMERY,51121,23218,20629,45037
720,2020,VIRGINIA,NELSON,51125,4327,4812,9318
721,2020,VIRGINIA,NELSON,51125,4327,4812,9318
722,2020,VIRGINIA,NELSON,51125,4327,4812,9318
723,2020,VIRGINIA,NELSON,51125,4327,4812,9318
724,2020,VIRGINIA,NELSON,51125,4327,4812,9318
725,2020,VIRGINIA,NELSON,51125,4327,4812,9318
726,2020,VIRGINIA,NELSON,51125,4327,4812,9318
727,2020,VIRGINIA,NELSON,51125,4327,4812,9318
728,2020,VIRGINIA,NELSON,51125,4327,4812,9318
729,2020,VIRGINIA,NELSON,51125,4327,4812,9318
730,2020,VIRGINIA,NELSON,51125,4327,4812,9318
731,2020,VIRGINIA,NELSON,51125,4327,4812,9318
732,2020,VIRGINIA,NEW KENT,51127,4621,9631,14471
733,2020,VIRGINIA,NEW KENT,51127,4621,9631,14471
734,2020,VIRGINIA,NEW KENT,51127,4621,9631,14471
735,2020,VIRGINIA,NEW KENT,51127,4621,9631,14471
736,2020,VIRGINIA,NEW KENT,51127,4621,9631,14471
737,2020,VIRGINIA,NEW KENT,51127,4621,9631,14471
738,2020,VIRGINIA,NEW KENT,51127,4621,9631,14471
739,2020,VIRGINIA,NEW KENT,51127,4621,9631,14471
740,2020,VIRGINIA,NEW KENT,51127,4621,9631,14471
741,2020,VIRGINIA,NEW KENT,51127,4621,9631,14471
742,2020,VIRGINIA,NEW KENT,51127,4621,9631,14471
743,2020,VIRGINIA,NEW KENT,51127,4621,9631,14471
744,2020,VIRGINIA,NORTHAMPTON,51131,3667,2955,6732
745,2020,VIRGINIA,NORTHAMPTON,51131,3667,2955,6732
746,2020,VIRGINIA,NORTHAMPTON,51131,3667,2955,6732
747,2020,VIRGINIA,NORTHAMPTON,51131,3667,2955,6732
748,2020,VIRGINIA,NORTHAMPTON,51131,3667,2955,6732
749,2020,VIRGINIA,NORTHAMPTON,51131,3667,2955,6732
750,2020,VIRGINIA,NORTHAMPTON,51131,3667,2955,6732
751,2020,VIRGINIA,NORTHAMPTON,51131,3667,2955,6732
752,2020,VIRGINIA,NORTHAMPTON,51131,3667,2955,6732
753,2020,VIRGINIA,NORTHAMPTON,51131,3667,2955,6732
754,2020,VIRGINIA,NORTHAMPTON,51131,3667,2955,6732
755,2020,VIRGINIA,NORTHAMPTON,51131,3667,2955,6732
756,2020,VIRGINIA,NORTHUMBERLAND,51133,3252,4485,7815
757,2020,VIRGINIA,NORTHUMBERLAND,51133,3252,4485,7815
758,2020,VIRGINIA,NORTHUMBERLAND,51133,3252,4485,7815
759,2020,VIRGINIA,NORTHUMBERLAND,51133,3252,4485,7815
760,2020,VIRGINIA,NORTHUMBERLAND,51133,3252,4485,7815
761,2020,VIRGINIA,NORTHUMBERLAND,51133,3252,4485,7815
762,2020,VIRGINIA,NORTHUMBERLAND,51133,3252,4485,7815
763,2020,VIRGINIA,NORTHUMBERLAND,51133,3252,4485,7815
764,2020,VIRGINIA,NORTHUMBERLAND,51133,3252,4485,7815
765,2020,VIRGINIA,NORTHUMBERLAND,51133,3252,4485,7815
766,2020,VIRGINIA,NORTHUMBERLAND,51133,3252,4485,7815
767,2020,VIRGINIA,NORTHUMBERLAND,51133,3252,4485,7815
768,2020,VIRGINIA,NOTTOWAY,51135,2971,4027,7078
769,2020,VIRGINIA,NOTTOWAY,51135,2971,4027,7078
770,2020,VIRGINIA,NOTTOWAY,51135,2971,4027,7078
771,2020,VIRGINIA,NOTTOWAY,51135,2971,4027,7078
772,2020,VIRGINIA,NOTTOWAY,51135,2971,4027,7078
773,2020,VIRGINIA,NOTTOWAY,51135,2971,4027,7078
774,2020,VIRGINIA,NOTTOWAY,51135,2971,4027,7078
775,2020,VIRGINIA,NOTTOWAY,51135,2971,4027,7078
776,2020,VIRGINIA,NOTTOWAY,51135,2971,4027,7078
777,2020,VIRGINIA,NOTTOWAY,51135,2971,4027,7078
778,2020,VIRGINIA,NOTTOWAY,51135,2971,4027,7078
779,2020,VIRGINIA,NOTTOWAY,51135,2971,4027,7078
780,2020,VIRGINIA,ORANGE,51137,7995,12426,20754
781,2020,VIRGINIA,ORANGE,51137,7995,12426,20754
782,2020,VIRGINIA,ORANGE,51137,7995,12426,20754
783,2020,VIRGINIA,ORANGE,51137,7995,12426,20754
784,2020,VIRGINIA,ORANGE,51137,7995,12426,20754
785,2020,VIRGINIA,ORANGE,51137,7995,12426,20754
786,2020,VIRGINIA,ORANGE,51137,7995,12426,20754
787,2020,VIRGINIA,ORANGE,51137,7995,12426,20754
788,2020,VIRGINIA,ORANGE,51137,7995,12426,20754
789,2020,VIRGINIA,ORANGE,51137,7995,12426,20754
790,2020,VIRGINIA,ORANGE,51137,7995,12426,20754
791,2020,VIRGINIA,ORANGE,51137,7995,12426,20754
792,2020,VIRGINIA,PAGE,51139,3007,9345,12514
793,2020,VIRGINIA,PAGE,51139,3007,9345,12514
794,2020,VIRGINIA,PAGE,51139,3007,9345,12514
795,2020,VIRGINIA,PAGE,51139,3007,9345,12514
796,2020,VIRGINIA,PAGE,51139,3007,9345,12514
797,2020,VIRGINIA,PAGE,51139,3007,9345,12514
798,2020,VIRGINIA,PAGE,51139,3007,9345,12514
799,2020,VIRGINIA,PAGE,51139,3007,9345,12514
800,2020,VIRGINIA,PAGE,51139,3007,9345,12514
801,2020,VIRGINIA,PAGE,51139,3007,9345,12514
802,2020,VIRGINIA,PAGE,51139,3007,9345,12514
803,2020,VIRGINIA,PAGE,51139,3007,9345,12514
804,2020,VIRGINIA,PATRICK,51141,1954,7485,9535
805,2020,VIRGINIA,PATRICK,51141,1954,7485,9535
806,2020,VIRGINIA,PATRICK,51141,1954,7485,9535
807,2020,VIRGINIA,PATRICK,51141,1954,7485,9535
808,2020,VIRGINIA,PATRICK,51141,1954,7485,9535
809,2020,VIRGINIA,PATRICK,51141,1954,7485,9535
810,2020,VIRGINIA,PATRICK,51141,1954,7485,9535
811,2020,VIRGINIA,PATRICK,51141,1954,7485,9535
812,2020,VIRGINIA,PATRICK,51141,1954,7485,9535
813,2020,VIRGINIA,PATRICK,51141,1954,7485,9535
814,2020,VIRGINIA,PATRICK,51141,1954,7485,9535
815,2020,VIRGINIA,PATRICK,51141,1954,7485,9535
816,2020,VIRGINIA,PITTSYLVANIA,51143,10115,23751,34227
817,2020,VIRGINIA,PITTSYLVANIA,51143,10115,23751,34227
818,2020,VIRGINIA,PITTSYLVANIA,51143,10115,23751,34227
819,2020,VIRGINIA,PITTSYLVANIA,51143,10115,23751,34227
820,2020,VIRGINIA,PITTSYLVANIA,51143,10115,23751,34227
821,2020,VIRGINIA,PITTSYLVANIA,51143,10115,23751,34227
822,2020,VIRGINIA,PITTSYLVANIA,51143,10115,23751,34227
823,2020,VIRGINIA,PITTSYLVANIA,51143,10115,23751,34227
824,2020,VIRGINIA,PITTSYLVANIA,51143,10115,23751,34227
825,2020,VIRGINIA,PITTSYLVANIA,51143,10115,23751,34227
826,2020,VIRGINIA,PITTSYLVANIA,51143,10115,23751,34227
827,2020,VIRGINIA,PITTSYLVANIA,51143,10115,23751,34227
828,2020,VIRGINIA,POWHATAN,51145,5320,14055,19733
829,2020,VIRGINIA,POWHATAN,51145,5320,14055,19733
830,2020,VIRGINIA,POWHATAN,51145,5320,14055,19733
831,2020,VIRGINIA,POWHATAN,51145,5320,14055,19733
832,2020,VIRGINIA,POWHATAN,51145,5320,14055,19733
833,2020,VIRGINIA,POWHATAN,51145,5320,14055,19733
834,2020,VIRGINIA,POWHATAN,51145,5320,14055,19733
835,2020,VIRGINIA,POWHATAN,51145,5320,14055,19733
836,2020,VIRGINIA,POWHATAN,51145,5320,14055,19733
837,2020,VIRGINIA,POWHATAN,51145,5320,14055,19733
838,2020,VIRGINIA,POWHATAN,51145,5320,14055,19733
839,2020,VIRGINIA,POWHATAN,51145,5320,14055,19733
840,2020,VIRGINIA,PRINCE EDWARD,51147,4973,4434,9575
841,2020,VIRGINIA,PRINCE EDWARD,51147,4973,4434,9575
842,2020,VIRGINIA,PRINCE EDWARD,51147,4973,4434,9575
843,2020,VIRGINIA,PRINCE EDWARD,51147,4973,4434,9575
844,2020,VIRGINIA,PRINCE EDWARD,51147,4973,4434,9575
845,2020,VIRGINIA,PRINCE EDWARD,51147,4973,4434,9575
846,2020,VIRGINIA,PRINCE EDWARD,51147,4973,4434,9575
847,2020,VIRGINIA,PRINCE EDWARD,51147,4973,4434,9575
848,2020,VIRGINIA,PRINCE EDWARD,51147,4973,4434,9575
849,2020,VIRGINIA,PRINCE EDWARD,51147,4973,4434,9575
850,2020,VIRGINIA,PRINCE EDWARD,51147,4973,4434,9575
851,2020,VIRGINIA,PRINCE EDWARD,51147,4973,4434,9575
852,2020,VIRGINIA,PRINCE GEORGE,51149,7103,10103,17439
853,2020,VIRGINIA,PRINCE GEORGE,51149,7103,10103,17439
854,2020,VIRGINIA,PRINCE GEORGE,51149,7103,10103,17439
855,2020,VIRGINIA,PRINCE GEORGE,51149,7103,10103,17439
856,2020,VIRGINIA,PRINCE GEORGE,51149,7103,10103,17439
857,2020,VIRGINIA,PRINCE GEORGE,51149,7103,10103,17439
858,2020,VIRGINIA,PRINCE GEORGE,51149,7103,10103,17439
859,2020,VIRGINIA,PRINCE GEORGE,51149,7103,10103,17439
860,2020,VIRGINIA,PRINCE GEORGE,51149,7103,10103,17439
861,2020,VIRGINIA,PRINCE GEORGE,51149,7103,10103,17439
862,2020,VIRGINIA,PRINCE GEORGE,51149,7103,10103,17439
863,2020,VIRGINIA,PRINCE GEORGE,51149,7103,10103,17439
864,2020,VIRGINIA,PRINCE WILLIAM,51153,142863,81222,228267
865,2020,VIRGINIA,PRINCE WILLIAM,51153,142863,81222,228267
866,2020,VIRGINIA,PRINCE WILLIAM,51153,142863,81222,228267
867,2020,VIRGINIA,PRINCE WILLIAM,51153,142863,81222,228267
868,2020,VIRGINIA,PRINCE WILLIAM,51153,142863,81222,228267
869,2020,VIRGINIA,PRINCE WILLIAM,51153,142863,81222,228267
870,2020,VIRGINIA,PRINCE WILLIAM,51153,142863,81222,228267
871,2020,VIRGINIA,PRINCE WILLIAM,51153,142863,81222,228267
872,2020,VIRGINIA,PRINCE WILLIAM,51153,142863,81222,228267
873,2020,VIRGINIA,PRINCE WILLIAM,51153,142863,81222,228267
874,2020,VIRGINIA,PRINCE WILLIAM,51153,142863,81222,228267
875,2020,VIRGINIA,PRINCE WILLIAM,51153,142863,81222,228267
876,2020,VIRGINIA,PULASKI,51155,4925,12127,17386
877,2020,VIRGINIA,PULASKI,51155,4925,12127,17386
878,2020,VIRGINIA,PULASKI,51155,4925,12127,17386
879,2020,VIRGINIA,PULASKI,51155,4925,12127,17386
880,2020,VIRGINIA,PULASKI,51155,4925,12127,17386
881,2020,VIRGINIA,PULASKI,51155,4925,12127,17386
882,2020,VIRGINIA,PULASKI,51155,4925,12127,17386
883,2020,VIRGINIA,PULASKI,51155,4925,12127,17386
884,2020,VIRGINIA,PULASKI,51155,4925,12127,17386
885,2020,VIRGINIA,PULASKI,51155,4925,12127,17386
886,2020,VIRGINIA,PULASKI,51155,4925,12127,17386
887,2020,VIRGINIA,PULASKI,51155,4925,12127,17386
888,2020,VIRGINIA,RAPPAHANNOCK,51157,2096,2812,4979
889,2020,VIRGINIA,RAPPAHANNOCK,51157,2096,2812,4979
890,2020,VIRGINIA,RAPPAHANNOCK,51157,2096,2812,4979
891,2020,VIRGINIA,RAPPAHANNOCK,51157,2096,2812,4979
892,2020,VIRGINIA,RAPPAHANNOCK,51157,2096,2812,4979
893,2020,VIRGINIA,RAPPAHANNOCK,51157,2096,2812,4979
894,2020,VIRGINIA,RAPPAHANNOCK,51157,2096,2812,4979
895,2020,VIRGINIA,RAPPAHANNOCK,51157,2096,2812,4979
896,2020,VIRGINIA,RAPPAHANNOCK,51157,2096,2812,4979
897,2020,VIRGINIA,RAPPAHANNOCK,51157,2096,2812,4979
898,2020,VIRGINIA,RAPPAHANNOCK,51157,2096,2812,4979
899,2020,VIRGINIA,RAPPAHANNOCK,51157,2096,2812,4979
900,2020,VIRGINIA,RICHMOND,51159,1513,2547,4102
901,2020,VIRGINIA,RICHMOND,51159,1513,2547,4102
902,2020,VIRGINIA,RICHMOND,51159,1513,2547,4102
903,2020,VIRGINIA,RICHMOND,51159,1513,2547,4102
904,2020,VIRGINIA,RICHMOND,51159,1513,2547,4102
905,2020,VIRGINIA,RICHMOND,51159,1513,2547,4102
906,2020,VIRGINIA,RICHMOND,51159,1513,2547,4102
907,2020,VIRGINIA,RICHMOND,51159,1513,2547,4102
908,2020,VIRGINIA,RICHMOND,51159,1513,2547,4102
909,2020,VIRGINIA,RICHMOND,51159,1513,2547,4102
910,2020,VIRGINIA,RICHMOND,51159,1513,2547,4102
911,2020,VIRGINIA,RICHMOND,51159,1513,2547,4102
912,2020,VIRGINIA,ROANOKE,51161,21801,34268,57226
913,2020,VIRGINIA,ROANOKE,51161,21801,34268,57226
914,2020,VIRGINIA,ROANOKE,51161,21801,34268,57226
915,2020,VIRGINIA,ROANOKE,51161,21801,34268,57226
916,2020,VIRGINIA,ROANOKE,51161,21801,34268,57226
917,2020,VIRGINIA,ROANOKE,51161,21801,34268,57226
918,2020,VIRGINIA,ROANOKE,51161,21801,34268,57226
919,2020,VIRGINIA,ROANOKE,51161,21801,34268,57226
920,2020,VIRGINIA,ROANOKE,51161,21801,34268,57226
921,2020,VIRGINIA,ROANOKE,51161,21801,34268,57226
922,2020,VIRGINIA,ROANOKE,51161,21801,34268,57226
923,2020,VIRGINIA,ROANOKE,51161,21801,34268,57226
924,2020,VIRGINIA,ROCKBRIDGE,51163,4086,8088,12377
925,2020,VIRGINIA,ROCKBRIDGE,51163,4086,8088,12377
926,2020,VIRGINIA,ROCKBRIDGE,51163,4086,8088,12377
927,2020,VIRGINIA,ROCKBRIDGE,51163,4086,8088,12377
928,2020,VIRGINIA,ROCKBRIDGE,51163,4086,8088,12377
929,2020,VIRGINIA,ROCKBRIDGE,51163,4086,8088,12377
930,2020,VIRGINIA,ROCKBRIDGE,51163,4086,8088,12377
931,2020,VIRGINIA,ROCKBRIDGE,51163,4086,8088,12377
932,2020,VIRGINIA,ROCKBRIDGE,51163,4086,8088,12377
933,2020,VIRGINIA,ROCKBRIDGE,51163,4086,8088,12377
934,2020,VIRGINIA,ROCKBRIDGE,51163,4086,8088,12377
935,2020,VIRGINIA,ROCKBRIDGE,51163,4086,8088,12377
936,2020,VIRGINIA,ROCKINGHAM,51165,12644,30349,43821
937,2020,VIRGINIA,ROCKINGHAM,51165,12644,30349,43821
938,2020,VIRGINIA,ROCKINGHAM,51165,12644,30349,43821
939,2020,VIRGINIA,ROCKINGHAM,51165,12644,30349,43821
940,2020,VIRGINIA,ROCKINGHAM,51165,12644,30349,43821
941,2020,VIRGINIA,ROCKINGHAM,51165,12644,30349,43821
942,2020,VIRGINIA,ROCKINGHAM,51165,12644,30349,43821
943,2020,VIRGINIA,ROCKINGHAM,51165,12644,30349,43821
944,2020,VIRGINIA,ROCKINGHAM,51165,12644,30349,43821
945,2020,VIRGINIA,ROCKINGHAM,51165,12644,30349,43821
946,2020,VIRGINIA,ROCKINGHAM,51165,12644,30349,43821
947,2020,VIRGINIA,ROCKINGHAM,51165,12644,30349,43821
948,2020,VIRGINIA,RUSSELL,51167,2373,10879,13386
949,2020,VIRGINIA,RUSSELL,51167,2373,10879,13386
950,2020,VIRGINIA,RUSSELL,51167,2373,10879,13386
951,2020,VIRGINIA,RUSSELL,51167,2373,10879,13386
952,2020,VIRGINIA,RUSSELL,51167,2373,10879,13386
953,2020,VIRGINIA,RUSSELL,51167,2373,10879,13386
954,2020,VIRGINIA,RUSSELL,51167,2373,10879,13386
955,2020,VIRGINIA,RUSSELL,51167,2373,10879,13386
956,2020,VIRGINIA,RUSSELL,51167,2373,10879,13386
957,2020,VIRGINIA,RUSSELL,51167,2373,10879,13386
958,2020,VIRGINIA,RUSSELL,51167,2373,10879,13386
959,2020,VIRGINIA,RUSSELL,51167,2373,10879,13386
960,2020,VIRGINIA,SCOTT,51169,1692,9063,10869
961,2020,VIRGINIA,SCOTT,51169,1692,9063,10869
962,2020,VIRGINIA,SCOTT,51169,1692,9063,10869
963,2020,VIRGINIA,SCOTT,51169,1692,9063,10869
964,2020,VIRGINIA,SCOTT,51169,1692,9063,10869
965,2020,VIRGINIA,SCOTT,51169,1692,9063,10869
966,2020,VIRGINIA,SCOTT,51169,1692,9063,10869
967,2020,VIRGINIA,SCOTT,51169,1692,9063,10869
968,2020,VIRGINIA,SCOTT,51169,1692,9063,10869
969,2020,VIRGINIA,SCOTT,51169,1692,9063,10869
970,2020,VIRGINIA,SCOTT,51169,1692,9063,10869
971,2020,VIRGINIA,SCOTT,51169,1692,9063,10869
972,2020,VIRGINIA,SHENANDOAH,51171,6836,16463,23684
973,2020,VIRGINIA,SHENANDOAH,51171,6836,16463,23684
974,2020,VIRGINIA,SHENANDOAH,51171,6836,16463,23684
975,2020,VIRGINIA,SHENANDOAH,51171,6836,16463,23684
976,2020,VIRGINIA,SHENANDOAH,51171,6836,16463,23684
977,2020,VIRGINIA,SHENANDOAH,51171,6836,16463,23684
978,2020,VIRGINIA,SHENANDOAH,51171,6836,16463,23684
979,2020,VIRGINIA,SHENANDOAH,51171,6836,16463,23684
980,2020,VIRGINIA,SHENANDOAH,51171,6836,16463,23684
981,2020,VIRGINIA,SHENANDOAH,51171,6836,16463,23684
982,2020,VIRGINIA,SHENANDOAH,51171,6836,16463,23684
983,2020,VIRGINIA,SHENANDOAH,51171,6836,16463,23684
984,2020,VIRGINIA,SMYTH,51173,3008,10963,14136
985,2020,VIRGINIA,SMYTH,51173,3008,10963,14136
986,2020,VIRGINIA,SMYTH,51173,3008,10963,14136
987,2020,VIRGINIA,SMYTH,51173,3008,10963,14136
988,2020,VIRGINIA,SMYTH,51173,3008,10963,14136
989,2020,VIRGINIA,SMYTH,51173,3008,10963,14136
990,2020,VIRGINIA,SMYTH,51173,3008,10963,14136
991,2020,VIRGINIA,SMYTH,51173,3008,10963,14136
992,2020,VIRGINIA,SMYTH,51173,3008,10963,14136
993,2020,VIRGINIA,SMYTH,51173,3008,10963,14136
994,2020,VIRGINIA,SMYTH,51173,3008,10963,14136
995,2020,VIRGINIA,SMYTH,51173,3008,10963,14136
996,2020,VIRGINIA,SOUTHAMPTON,51175,3969,5730,9786
997,2020,VIRGINIA,SOUTHAMPTON,51175,3969,5730,9786
998,2020,VIRGINIA,SOUTHAMPTON,51175,3969,5730,9786
999,2020,VIRGINIA,SOUTHAMPTON,51175,3969,5730,9786
1000,2020,VIRGINIA,SOUTHAMPTON,51175,3969,5730,9786
1001,2020,VIRGINIA,SOUTHAMPTON,51175,3969,5730,9786
1002,2020,VIRGINIA,SOUTHAMPTON,51175,3969,5730,9786
1003,2020,VIRGINIA,SOUTHAMPTON,51175,3969,5730,9786
1004,2020,VIRGINIA,SOUTHAMPTON,51175,3969,5730,9786
1005,2020,VIRGINIA,SOUTHAMPTON,51175,3969,5730,9786
1006,2020,VIRGINIA,SOUTHAMPTON,51175,3969,5730,9786
1007,2020,VIRGINIA,SOUTHAMPTON,51175,3969,5730,9786
1008,2020,VIRGINIA,SPOTSYLVANIA,51177,34307,39411,75317
1009,2020,VIRGINIA,SPOTSYLVANIA,51177,34307,39411,75317
1010,2020,VIRGINIA,SPOTSYLVANIA,51177,34307,39411,75317
1011,2020,VIRGINIA,SPOTSYLVANIA,51177,34307,39411,75317
1012,2020,VIRGINIA,SPOTSYLVANIA,51177,34307,39411,75317
1013,2020,VIRGINIA,SPOTSYLVANIA,51177,34307,39411,75317
1014,2020,VIRGINIA,SPOTSYLVANIA,51177,34307,39411,75317
1015,2020,VIRGINIA,SPOTSYLVANIA,51177,34307,39411,75317
1016,2020,VIRGINIA,SPOTSYLVANIA,51177,34307,39411,75317
1017,2020,VIRGINIA,SPOTSYLVANIA,51177,34307,39411,75317
1018,2020,VIRGINIA,SPOTSYLVANIA,51177,34307,39411,75317
1019,2020,VIRGINIA,SPOTSYLVANIA,51177,34307,39411,75317
1020,2020,VIRGINIA,STAFFORD,51179,40245,37636,79629
1021,2020,VIRGINIA,STAFFORD,51179,40245,37636,79629
1022,2020,VIRGINIA,STAFFORD,51179,40245,37636,79629
1023,2020,VIRGINIA,STAFFORD,51179,40245,37636,79629
1024,2020,VIRGINIA,STAFFORD,51179,40245,37636,79629
1025,2020,VIRGINIA,STAFFORD,51179,40245,37636,79629
1026,2020,VIRGINIA,STAFFORD,51179,40245,37636,79629
1027,2020,VIRGINIA,STAFFORD,51179,40245,37636,79629
1028,2020,VIRGINIA,STAFFORD,51179,40245,37636,79629
1029,2020,VIRGINIA,STAFFORD,51179,40245,37636,79629
1030,2020,VIRGINIA,STAFFORD,51179,40245,37636,79629
1031,2020,VIRGINIA,STAFFORD,51179,40245,37636,79629
1032,2020,VIRGINIA,SURRY,51181,2397,2025,4471
1033,2020,VIRGINIA,SURRY,51181,2397,2025,4471
1034,2020,VIRGINIA,SURRY,51181,2397,2025,4471
1035,2020,VIRGINIA,SURRY,51181,2397,2025,4471
1036,2020,VIRGINIA,SURRY,51181,2397,2025,4471
1037,2020,VIRGINIA,SURRY,51181,2397,2025,4471
1038,2020,VIRGINIA,SURRY,51181,2397,2025,4471
1039,2020,VIRGINIA,SURRY,51181,2397,2025,4471
1040,2020,VIRGINIA,SURRY,51181,2397,2025,4471
1041,2020,VIRGINIA,SURRY,51181,2397,2025,4471
1042,2020,VIRGINIA,SURRY,51181,2397,2025,4471
1043,2020,VIRGINIA,SURRY,51181,2397,2025,4471
1044,2020,VIRGINIA,SUSSEX,51183,2827,2219,5088
1045,2020,VIRGINIA,SUSSEX,51183,2827,2219,5088
1046,2020,VIRGINIA,SUSSEX,51183,2827,2219,5088
1047,2020,VIRGINIA,SUSSEX,51183,2827,2219,5088
1048,2020,VIRGINIA,SUSSEX,51183,2827,2219,5088
1049,2020,VIRGINIA,SUSSEX,51183,2827,2219,5088
1050,2020,VIRGINIA,SUSSEX,51183,2827,2219,5088
1051,2020,VIRGINIA,SUSSEX,51183,2827,2219,5088
1052,2020,VIRGINIA,SUSSEX,51183,2827,2219,5088
1053,2020,VIRGINIA,SUSSEX,51183,2827,2219,5088
1054,2020,VIRGINIA,SUSSEX,51183,2827,2219,5088
1055,2020,VIRGINIA,SUSSEX,51183,2827,2219,5088
1056,2020,VIRGINIA,TAZEWELL,51185,3205,16731,20152
1057,2020,VIRGINIA,TAZEWELL,51185,3205,16731,20152
1058,2020,VIRGINIA,TAZEWELL,51185,3205,16731,20152
1059,2020,VIRGINIA,TAZEWELL,51185,3205,16731,20152
1060,2020,VIRGINIA,TAZEWELL,51185,3205,16731,20152
1061,2020,VIRGINIA,TAZEWELL,51185,3205,16731,20152
1062,2020,VIRGINIA,TAZEWELL,51185,3205,16731,20152
1063,2020,VIRGINIA,TAZEWELL,51185,3205,16731,20152
1064,2020,VIRGINIA,TAZEWELL,51185,3205,16731,20152
1065,2020,VIRGINIA,TAZEWELL,51185,3205,16731,20152
1066,2020,VIRGINIA,TAZEWELL,51185,3205,16731,20152
1067,2020,VIRGINIA,TAZEWELL,51185,3205,16731,20152
1068,2020,VIRGINIA,WARREN,51187,6603,14069,21147
1069,2020,VIRGINIA,WARREN,51187,6603,14069,21147
1070,2020,VIRGINIA,WARREN,51187,6603,14069,21147
1071,2020,VIRGINIA,WARREN,51187,6603,14069,21147
1072,2020,VIRGINIA,WARREN,51187,6603,14069,21147
1073,2020,VIRGINIA,WARREN,51187,6603,14069,21147
1074,2020,VIRGINIA,WARREN,51187,6603,14069,21147
1075,2020,VIRGINIA,WARREN,51187,6603,14069,21147
1076,2020,VIRGINIA,WARREN,51187,6603,14069,21147
1077,2020,VIRGINIA,WARREN,51187,6603,14069,21147
1078,2020,VIRGINIA,WARREN,51187,6603,14069,21147
1079,2020,VIRGINIA,WARREN,51187,6603,14069,21147
1080,2020,VIRGINIA,WASHINGTON,51191,6617,21679,28693
1081,2020,VIRGINIA,WASHINGTON,51191,6617,21679,28693
1082,2020,VIRGINIA,WASHINGTON,51191,6617,21679,28693
1083,2020,VIRGINIA,WASHINGTON,51191,6617,21679,28693
1084,2020,VIRGINIA,WASHINGTON,51191,6617,21679,28693
1085,2020,VIRGINIA,WASHINGTON,51191,6617,21679,28693
1086,2020,VIRGINIA,WASHINGTON,51191,6617,21679,28693
1087,2020,VIRGINIA,WASHINGTON,51191,6617,21679,28693
1088,2020,VIRGINIA,WASHINGTON,51191,6617,21679,28693
1089,2020,VIRGINIA,WASHINGTON,51191,6617,21679,28693
1090,2020,VIRGINIA,WASHINGTON,51191,6617,21679,28693
1091,2020,VIRGINIA,WASHINGTON,51191,6617,21679,28693
1092,2020,VIRGINIA,WESTMORELAND,51193,4501,5318,9948
1093,2020,VIRGINIA,WESTMORELAND,51193,4501,5318,9948
1094,2020,VIRGINIA,WESTMORELAND,51193,4501,5318,9948
1095,2020,VIRGINIA,WESTMORELAND,51193,4501,5318,9948
1096,2020,VIRGINIA,WESTMORELAND,51193,4501,5318,9948
1097,2020,VIRGINIA,WESTMORELAND,51193,4501,5318,9948
1098,2020,VIRGINIA,WESTMORELAND,51193,4501,5318,9948
1099,2020,VIRGINIA,WESTMORELAND,51193,4501,5318,9948
1100,2020,VIRGINIA,WESTMORELAND,51193,4501,5318,9948
1101,2020,VIRGINIA,WESTMORELAND,51193,4501,5318,9948
1102,2020,VIRGINIA,WESTMORELAND,51193,4501,5318,9948
1103,2020,VIRGINIA,WESTMORELAND,51193,4501,5318,9948
1104,2020,VIRGINIA,WISE,51195,3110,13366,16615
1105,2020,VIRGINIA,WISE,51195,3110,13366,16615
1106,2020,VIRGINIA,WISE,51195,3110,13366,16615
1107,2020,VIRGINIA,WISE,51195,3110,13366,16615
1108,2020,VIRGINIA,WISE,51195,3110,13366,16615
1109,2020,VIRGINIA,WISE,51195,3110,13366,16615
1110,2020,VIRGINIA,WISE,51195,3110,13366,16615
1111,2020,VIRGINIA,WISE,51195,3110,13366,16615
1112,2020,VIRGINIA,WISE,51195,3110,13366,16615
1113,2020,VIRGINIA,WISE,51195,3110,13366,16615
1114,2020,VIRGINIA,WISE,51195,3110,13366,16615
1115,2020,VIRGINIA,WISE,51195,3110,13366,16615
1116,2020,VIRGINIA,WYTHE,51197,3143,11733,15073
1117,2020,VIRGINIA,WYTHE,51197,3143,11733,15073
1118,2020,VIRGINIA,WYTHE,51197,3143,11733,15073
1119,2020,VIRGINIA,WYTHE,51197,3143,11733,15073
1120,2020,VIRGINIA,WYTHE,51197,3143,11733,15073
1121,2020,VIRGINIA,WYTHE,51197,3143,11733,15073
1122,2020,VIRGINIA,WYTHE,51197,3143,11733,15073
1123,2020,VIRGINIA,WYTHE,51197,3143,11733,15073
1124,2020,VIRGINIA,WYTHE,51197,3143,11733,15073
1125,2020,VIRGINIA,WYTHE,51197,3143,11733,15073
1126,2020,VIRGINIA,WYTHE,51197,3143,11733,15073
1127,2020,VIRGINIA,WYTHE,51197,3143,11733,15073
1128,2020,VIRGINIA,YORK,51199,17683,20241,38791
1129,2020,VIRGINIA,YORK,51199,17683,20241,38791
1130,2020,VIRGINIA,YORK,51199,17683,20241,38791
1131,2020,VIRGINIA,YORK,51199,17683,20241,38791
1132,2020,VIRGINIA,YORK,51199,17683,20241,38791
1133,2020,VIRGINIA,YORK,51199,17683,20241,38791
1134,2020,VIRGINIA,YORK,51199,17683,20241,38791
1135,2020,VIRGINIA,YORK,51199,17683,20241,38791
1136,2020,VIRGINIA,YORK,51199,17683,20241,38791
1137,2020,VIRGINIA,YORK,51199,17683,20241,38791
1138,2020,VIRGINIA,YORK,51199,17683,20241,38791
1139,2020,VIRGINIA,YORK,51199,17683,20241,38791
1140,2020,VIRGINIA,ALEXANDRIA CITY,51510,66240,14544,82521
1141,2020,VIRGINIA,ALEXANDRIA CITY,51510,66240,14544,82521
1142,2020,VIRGINIA,ALEXANDRIA CITY,51510,66240,14544,82521
1143,2020,VIRGINIA,ALEXANDRIA CITY,51510,66240,14544,82521
1144,2020,VIRGINIA,ALEXANDRIA CITY,51510,66240,14544,82521
1145,2020,VIRGINIA,ALEXANDRIA CITY,51510,66240,14544,82521
1146,2020,VIRGINIA,ALEXANDRIA CITY,51510,66240,14544,82521
1147,2020,VIRGINIA,ALEXANDRIA CITY,51510,66240,14544,82521
1148,2020,VIRGINIA,ALEXANDRIA CITY,51510,66240,14544,82521
1149,2020,VIRGINIA,ALEXANDRIA CITY,51510,66240,14544,82521
1150,2020,VIRGINIA,ALEXANDRIA CITY,51510,66240,14544,82521
1151,2020,VIRGINIA,ALEXANDRIA CITY,51510,66240,14544,82521
1152,2020,VIRGINIA,BRISTOL CITY,51520,2313,5347,7814
1153,2020,VIRGINIA,BRISTOL CITY,51520,2313,5347,7814
1154,2020,VIRGINIA,BRISTOL CITY,51520,2313,5347,7814
1155,2020,VIRGINIA,BRISTOL CITY,51520,2313,5347,7814
1156,2020,VIRGINIA,BRISTOL CITY,51520,2313,5347,7814
1157,2020,VIRGINIA,BRISTOL CITY,51520,2313,5347,7814
1158,2020,VIRGINIA,BRISTOL CITY,51520,2313,5347,7814
1159,2020,VIRGINIA,BRISTOL CITY,51520,2313,5347,7814
1160,2020,VIRGINIA,BRISTOL CITY,51520,2313,5347,7814
1161,2020,VIRGINIA,BRISTOL CITY,51520,2313,5347,7814
1162,2020,VIRGINIA,BRISTOL CITY,51520,2313,5347,7814
1163,2020,VIRGINIA,BRISTOL CITY,51520,2313,5347,7814
1164,2020,VIRGINIA,BUENA VISTA CITY,51530,825,1863,2776
1165,2020,VIRGINIA,BUENA VISTA CITY,51530,825,1863,2776
1166,2020,VIRGINIA,BUENA VISTA CITY,51530,825,1863,2776
1167,2020,VIRGINIA,BUENA VISTA CITY,51530,825,1863,2776
1168,2020,VIRGINIA,BUENA VISTA CITY,51530,825,1863,2776
1169,2020,VIRGINIA,BUENA VISTA CITY,51530,825,1863,2776
1170,2020,VIRGINIA,BUENA VISTA CITY,51530,825,1863,2776
1171,2020,VIRGINIA,BUENA VISTA CITY,51530,825,1863,2776
1172,2020,VIRGINIA,BUENA VISTA CITY,51530,825,1863,2776
1173,2020,VIRGINIA,BUENA VISTA CITY,51530,825,1863,2776
1174,2020,VIRGINIA,BUENA VISTA CITY,51530,825,1863,2776
1175,2020,VIRGINIA,BUENA VISTA CITY,51530,825,1863,2776
1176,2020,VIRGINIA,CHARLOTTESVILLE CITY,51540,20696,3094,24213
1177,2020,VIRGINIA,CHARLOTTESVILLE CITY,51540,20696,3094,24213
1178,2020,VIRGINIA,CHARLOTTESVILLE CITY,51540,20696,3094,24213
1179,2020,VIRGINIA,CHARLOTTESVILLE CITY,51540,20696,3094,24213
1180,2020,VIRGINIA,CHARLOTTESVILLE CITY,51540,20696,3094,24213
1181,2020,VIRGINIA,CHARLOTTESVILLE CITY,51540,20696,3094,24213
1182,2020,VIRGINIA,CHARLOTTESVILLE CITY,51540,20696,3094,24213
1183,2020,VIRGINIA,CHARLOTTESVILLE CITY,51540,20696,3094,24213
1184,2020,VIRGINIA,CHARLOTTESVILLE CITY,51540,20696,3094,24213
1185,2020,VIRGINIA,CHARLOTTESVILLE CITY,51540,20696,3094,24213
1186,2020,VIRGINIA,CHARLOTTESVILLE CITY,51540,20696,3094,24213
1187,2020,VIRGINIA,CHARLOTTESVILLE CITY,51540,20696,3094,24213
1188,2020,VIRGINIA,CHESAPEAKE CITY,51550,66377,58180,127246
1189,2020,VIRGINIA,CHESAPEAKE CITY,51550,66377,58180,127246
1190,2020,VIRGINIA,CHESAPEAKE CITY,51550,66377,58180,127246
1191,2020,VIRGINIA,CHESAPEAKE CITY,51550,66377,58180,127246
1192,2020,VIRGINIA,CHESAPEAKE CITY,51550,66377,58180,127246
1193,2020,VIRGINIA,CHESAPEAKE CITY,51550,66377,58180,127246
1194,2020,VIRGINIA,CHESAPEAKE CITY,51550,66377,58180,127246
1195,2020,VIRGINIA,CHESAPEAKE CITY,51550,66377,58180,127246
1196,2020,VIRGINIA,CHESAPEAKE CITY,51550,66377,58180,127246
1197,2020,VIRGINIA,CHESAPEAKE CITY,51550,66377,58180,127246
1198,2020,VIRGINIA,CHESAPEAKE CITY,51550,66377,58180,127246
1199,2020,VIRGINIA,CHESAPEAKE CITY,51550,66377,58180,127246
1200,2020,VIRGINIA,COLONIAL HEIGHTS CITY,51570,2972,6007,9160
1201,2020,VIRGINIA,COLONIAL HEIGHTS CITY,51570,2972,6007,9160
1202,2020,VIRGINIA,COLONIAL HEIGHTS CITY,51570,2972,6007,9160
1203,2020,VIRGINIA,COLONIAL HEIGHTS CITY,51570,2972,6007,9160
1204,2020,VIRGINIA,COLONIAL HEIGHTS CITY,51570,2972,6007,9160
1205,2020,VIRGINIA,COLONIAL HEIGHTS CITY,51570,2972,6007,9160
1206,2020,VIRGINIA,COLONIAL HEIGHTS CITY,51570,2972,6007,9160
1207,2020,VIRGINIA,COLONIAL HEIGHTS CITY,51570,2972,6007,9160
1208,2020,VIRGINIA,COLONIAL HEIGHTS CITY,51570,2972,6007,9160
1209,2020,VIRGINIA,COLONIAL HEIGHTS CITY,51570,2972,6007,9160
1210,2020,VIRGINIA,COLONIAL HEIGHTS CITY,51570,2972,6007,9160
1211,2020,VIRGINIA,COLONIAL HEIGHTS CITY,51570,2972,6007,9160
1212,2020,VIRGINIA,COVINGTON CITY,51580,964,1580,2603
1213,2020,VIRGINIA,COVINGTON CITY,51580,964,1580,2603
1214,2020,VIRGINIA,COVINGTON CITY,51580,964,1580,2603
1215,2020,VIRGINIA,COVINGTON CITY,51580,964,1580,2603
1216,2020,VIRGINIA,COVINGTON CITY,51580,964,1580,2603
1217,2020,VIRGINIA,COVINGTON CITY,51580,964,1580,2603
1218,2020,VIRGINIA,COVINGTON CITY,51580,964,1580,2603
1219,2020,VIRGINIA,COVINGTON CITY,51580,964,1580,2603
1220,2020,VIRGINIA,COVINGTON CITY,51580,964,1580,2603
1221,2020,VIRGINIA,COVINGTON CITY,51580,964,1580,2603
1222,2020,VIRGINIA,COVINGTON CITY,51580,964,1580,2603
1223,2020,VIRGINIA,COVINGTON CITY,51580,964,1580,2603
1224,2020,VIRGINIA,DANVILLE CITY,51590,11710,7428,19456
1225,2020,VIRGINIA,DANVILLE CITY,51590,11710,7428,19456
1226,2020,VIRGINIA,DANVILLE CITY,51590,11710,7428,19456
1227,2020,VIRGINIA,DANVILLE CITY,51590,11710,7428,19456
1228,2020,VIRGINIA,DANVILLE CITY,51590,11710,7428,19456
1229,2020,VIRGINIA,DANVILLE CITY,51590,11710,7428,19456
1230,2020,VIRGINIA,DANVILLE CITY,51590,11710,7428,19456
1231,2020,VIRGINIA,DANVILLE CITY,51590,11710,7428,19456
1232,2020,VIRGINIA,DANVILLE CITY,51590,11710,7428,19456
1233,2020,VIRGINIA,DANVILLE CITY,51590,11710,7428,19456
1234,2020,VIRGINIA,DANVILLE CITY,51590,11710,7428,19456
1235,2020,VIRGINIA,DANVILLE CITY,51590,11710,7428,19456
1236,2020,VIRGINIA,EMPORIA CITY,51595,1612,754,2384
1237,2020,VIRGINIA,EMPORIA CITY,51595,1612,754,2384
1238,2020,VIRGINIA,EMPORIA CITY,51595,1612,754,2384
1239,2020,VIRGINIA,EMPORIA CITY,51595,1612,754,2384
1240,2020,VIRGINIA,EMPORIA CITY,51595,1612,754,2384
1241,2020,VIRGINIA,EMPORIA CITY,51595,1612,754,2384
1242,2020,VIRGINIA,EMPORIA CITY,51595,1612,754,2384
1243,2020,VIRGINIA,EMPORIA CITY,51595,1612,754,2384
1244,2020,VIRGINIA,EMPORIA CITY,51595,1612,754,2384
1245,2020,VIRGINIA,EMPORIA CITY,51595,1612,754,2384
1246,2020,VIRGINIA,EMPORIA CITY,51595,1612,754,2384
1247,2020,VIRGINIA,EMPORIA CITY,51595,1612,754,2384
1248,2020,VIRGINIA,FAIRFAX CITY,51600,9174,4007,13487
1249,2020,VIRGINIA,FAIRFAX CITY,51600,9174,4007,13487
1250,2020,VIRGINIA,FAIRFAX CITY,51600,9174,4007,13487
1251,2020,VIRGINIA,FAIRFAX CITY,51600,9174,4007,13487
1252,2020,VIRGINIA,FAIRFAX CITY,51600,9174,4007,13487
1253,2020,VIRGINIA,FAIRFAX CITY,51600,9174,4007,13487
1254,2020,VIRGINIA,FAIRFAX CITY,51600,9174,4007,13487
1255,2020,VIRGINIA,FAIRFAX CITY,51600,9174,4007,13487
1256,2020,VIRGINIA,FAIRFAX CITY,51600,9174,4007,13487
1257,2020,VIRGINIA,FAIRFAX CITY,51600,9174,4007,13487
1258,2020,VIRGINIA,FAIRFAX CITY,51600,9174,4007,13487
1259,2020,VIRGINIA,FAIRFAX CITY,51600,9174,4007,13487
1260,2020,VIRGINIA,FALLS CHURCH CITY,51610,7146,1490,8819
1261,2020,VIRGINIA,FALLS CHURCH CITY,51610,7146,1490,8819
1262,2020,VIRGINIA,FALLS CHURCH CITY,51610,7146,1490,8819
1263,2020,VIRGINIA,FALLS CHURCH CITY,51610,7146,1490,8819
1264,2020,VIRGINIA,FALLS CHURCH CITY,51610,7146,1490,8819
1265,2020,VIRGINIA,FALLS CHURCH CITY,51610,7146,1490,8819
1266,2020,VIRGINIA,FALLS CHURCH CITY,51610,7146,1490,8819
1267,2020,VIRGINIA,FALLS CHURCH CITY,51610,7146,1490,8819
1268,2020,VIRGINIA,FALLS CHURCH CITY,51610,7146,1490,8819
1269,2020,VIRGINIA,FALLS CHURCH CITY,51610,7146,1490,8819
1270,2020,VIRGINIA,FALLS CHURCH CITY,51610,7146,1490,8819
1271,2020,VIRGINIA,FALLS CHURCH CITY,51610,7146,1490,8819
1272,2020,VIRGINIA,FRANKLIN CITY,51620,2525,1487,4064
1273,2020,VIRGINIA,FRANKLIN CITY,51620,2525,1487,4064
1274,2020,VIRGINIA,FRANKLIN CITY,51620,2525,1487,4064
1275,2020,VIRGINIA,FRANKLIN CITY,51620,2525,1487,4064
1276,2020,VIRGINIA,FRANKLIN CITY,51620,2525,1487,4064
1277,2020,VIRGINIA,FRANKLIN CITY,51620,2525,1487,4064
1278,2020,VIRGINIA,FRANKLIN CITY,51620,2525,1487,4064
1279,2020,VIRGINIA,FRANKLIN CITY,51620,2525,1487,4064
1280,2020,VIRGINIA,FRANKLIN CITY,51620,2525,1487,4064
1281,2020,VIRGINIA,FRANKLIN CITY,51620,2525,1487,4064
1282,2020,VIRGINIA,FRANKLIN CITY,51620,2525,1487,4064
1283,2020,VIRGINIA,FRANKLIN CITY,51620,2525,1487,4064
1284,2020,VIRGINIA,FREDERICKSBURG CITY,51630,8517,4037,12877
1285,2020,VIRGINIA,FREDERICKSBURG CITY,51630,8517,4037,12877
1286,2020,VIRGINIA,FREDERICKSBURG CITY,51630,8517,4037,12877
1287,2020,VIRGINIA,FREDERICKSBURG CITY,51630,8517,4037,12877
1288,2020,VIRGINIA,FREDERICKSBURG CITY,51630,8517,4037,12877
1289,2020,VIRGINIA,FREDERICKSBURG CITY,51630,8517,4037,12877
1290,2020,VIRGINIA,FREDERICKSBURG CITY,51630,8517,4037,12877
1291,2020,VIRGINIA,FREDERICKSBURG CITY,51630,8517,4037,12877
1292,2020,VIRGINIA,FREDERICKSBURG CITY,51630,8517,4037,12877
1293,2020,VIRGINIA,FREDERICKSBURG CITY,51630,8517,4037,12877
1294,2020,VIRGINIA,FREDERICKSBURG CITY,51630,8517,4037,12877
1295,2020,VIRGINIA,FREDERICKSBURG CITY,51630,8517,4037,12877
1296,2020,VIRGINIA,GALAX CITY,51640,777,1838,2639
1297,2020,VIRGINIA,GALAX CITY,51640,777,1838,2639
1298,2020,VIRGINIA,GALAX CITY,51640,777,1838,2639
1299,2020,VIRGINIA,GALAX CITY,51640,777,1838,2639
1300,2020,VIRGINIA,GALAX CITY,51640,777,1838,2639
1301,2020,VIRGINIA,GALAX CITY,51640,777,1838,2639
1302,2020,VIRGINIA,GALAX CITY,51640,777,1838,2639
1303,2020,VIRGINIA,GALAX CITY,51640,777,1838,2639
1304,2020,VIRGINIA,GALAX CITY,51640,777,1838,2639
1305,2020,VIRGINIA,GALAX CITY,51640,777,1838,2639
1306,2020,VIRGINIA,GALAX CITY,51640,777,1838,2639
1307,2020,VIRGINIA,GALAX CITY,51640,777,1838,2639
1308,2020,VIRGINIA,HAMPTON CITY,51650,46220,18430,65957
1309,2020,VIRGINIA,HAMPTON CITY,51650,46220,18430,65957
1310,2020,VIRGINIA,HAMPTON CITY,51650,46220,18430,65957
1311,2020,VIRGINIA,HAMPTON CITY,51650,46220,18430,65957
1312,2020,VIRGINIA,HAMPTON CITY,51650,46220,18430,65957
1313,2020,VIRGINIA,HAMPTON CITY,51650,46220,18430,65957
1314,2020,VIRGINIA,HAMPTON CITY,51650,46220,18430,65957
1315,2020,VIRGINIA,HAMPTON CITY,51650,46220,18430,65957
1316,2020,VIRGINIA,HAMPTON CITY,51650,46220,18430,65957
1317,2020,VIRGINIA,HAMPTON CITY,51650,46220,18430,65957
1318,2020,VIRGINIA,HAMPTON CITY,51650,46220,18430,65957
1319,2020,VIRGINIA,HAMPTON CITY,51650,46220,18430,65957
1320,2020,VIRGINIA,HARRISONBURG CITY,51660,11022,5591,17093
1321,2020,VIRGINIA,HARRISONBURG CITY,51660,11022,5591,17093
1322,2020,VIRGINIA,HARRISONBURG CITY,51660,11022,5591,17093
1323,2020,VIRGINIA,HARRISONBURG CITY,51660,11022,5591,17093
1324,2020,VIRGINIA,HARRISONBURG CITY,51660,11022,5591,17093
1325,2020,VIRGINIA,HARRISONBURG CITY,51660,11022,5591,17093
1326,2020,VIRGINIA,HARRISONBURG CITY,51660,11022,5591,17093
1327,2020,VIRGINIA,HARRISONBURG CITY,51660,11022,5591,17093
1328,2020,VIRGINIA,HARRISONBURG CITY,51660,11022,5591,17093
1329,2020,VIRGINIA,HARRISONBURG CITY,51660,11022,5591,17093
1330,2020,VIRGINIA,HARRISONBURG CITY,51660,11022,5591,17093
1331,2020,VIRGINIA,HARRISONBURG CITY,51660,11022,5591,17093
1332,2020,VIRGINIA,HOPEWELL CITY,51670,5430,4020,9628
1333,2020,VIRGINIA,HOPEWELL CITY,51670,5430,4020,9628
1334,2020,VIRGINIA,HOPEWELL CITY,51670,5430,4020,9628
1335,2020,VIRGINIA,HOPEWELL CITY,51670,5430,4020,9628
1336,2020,VIRGINIA,HOPEWELL CITY,51670,5430,4020,9628
1337,2020,VIRGINIA,HOPEWELL CITY,51670,5430,4020,9628
1338,2020,VIRGINIA,HOPEWELL CITY,51670,5430,4020,9628
1339,2020,VIRGINIA,HOPEWELL CITY,51670,5430,4020,9628
1340,2020,VIRGINIA,HOPEWELL CITY,51670,5430,4020,9628
1341,2020,VIRGINIA,HOPEWELL CITY,51670,5430,4020,9628
1342,2020,VIRGINIA,HOPEWELL CITY,51670,5430,4020,9628
1343,2020,VIRGINIA,HOPEWELL CITY,51670,5430,4020,9628
1344,2020,VIRGINIA,LEXINGTON CITY,51678,1791,906,2764
1345,2020,VIRGINIA,LEXINGTON CITY,51678,1791,906,2764
1346,2020,VIRGINIA,LEXINGTON CITY,51678,1791,906,2764
1347,2020,VIRGINIA,LEXINGTON CITY,51678,1791,906,2764
1348,2020,VIRGINIA,LEXINGTON CITY,51678,1791,906,2764
1349,2020,VIRGINIA,LEXINGTON CITY,51678,1791,906,2764
1350,2020,VIRGINIA,LEXINGTON CITY,51678,1791,906,2764
1351,2020,VIRGINIA,LEXINGTON CITY,51678,1791,906,2764
1352,2020,VIRGINIA,LEXINGTON CITY,51678,1791,906,2764
1353,2020,VIRGINIA,LEXINGTON CITY,51678,1791,906,2764
1354,2020,VIRGINIA,LEXINGTON CITY,51678,1791,906,2764
1355,2020,VIRGINIA,LEXINGTON CITY,51678,1791,906,2764
1356,2020,VIRGINIA,LYNCHBURG CITY,51680,18048,17097,36364
1357,2020,VIRGINIA,LYNCHBURG CITY,51680,18048,17097,36364
1358,2020,VIRGINIA,LYNCHBURG CITY,51680,18048,17097,36364
1359,2020,VIRGINIA,LYNCHBURG CITY,51680,18048,17097,36364
1360,2020,VIRGINIA,LYNCHBURG CITY,51680,18048,17097,36364
1361,2020,VIRGINIA,LYNCHBURG CITY,51680,18048,17097,36364
1362,2020,VIRGINIA,LYNCHBURG CITY,51680,18048,17097,36364
1363,2020,VIRGINIA,LYNCHBURG CITY,51680,18048,17097,36364
1364,2020,VIRGINIA,LYNCHBURG CITY,51680,18048,17097,36364
1365,2020,VIRGINIA,LYNCHBURG CITY,51680,18048,17097,36364
1366,2020,VIRGINIA,LYNCHBURG CITY,51680,18048,17097,36364
1367,2020,VIRGINIA,LYNCHBURG CITY,51680,18048,17097,36364
1368,2020,VIRGINIA,MANASSAS CITY,51683,10356,6256,16978
1369,2020,VIRGINIA,MANASSAS CITY,51683,10356,6256,16978
1370,2020,VIRGINIA,MANASSAS CITY,51683,10356,6256,16978
1371,2020,VIRGINIA,MANASSAS CITY,51683,10356,6256,16978
1372,2020,VIRGINIA,MANASSAS CITY,51683,10356,6256,16978
1373,2020,VIRGINIA,MANASSAS CITY,51683,10356,6256,16978
1374,2020,VIRGINIA,MANASSAS CITY,51683,10356,6256,16978
1375,2020,VIRGINIA,MANASSAS CITY,51683,10356,6256,16978
1376,2020,VIRGINIA,MANASSAS CITY,51683,10356,6256,16978
1377,2020,VIRGINIA,MANASSAS CITY,51683,10356,6256,16978
1378,2020,VIRGINIA,MANASSAS CITY,51683,10356,6256,16978
1379,2020,VIRGINIA,MANASSAS CITY,51683,10356,6256,16978
1380,2020,VIRGINIA,MANASSAS PARK CITY,51685,3992,1979,6088
1381,2020,VIRGINIA,MANASSAS PARK CITY,51685,3992,1979,6088
1382,2020,VIRGINIA,MANASSAS PARK CITY,51685,3992,1979,6088
1383,2020,VIRGINIA,MANASSAS PARK CITY,51685,3992,1979,6088
1384,2020,VIRGINIA,MANASSAS PARK CITY,51685,3992,1979,6088
1385,2020,VIRGINIA,MANASSAS PARK CITY,51685,3992,1979,6088
1386,2020,VIRGINIA,MANASSAS PARK CITY,51685,3992,1979,6088
1387,2020,VIRGINIA,MANASSAS PARK CITY,51685,3992,1979,6088
1388,2020,VIRGINIA,MANASSAS PARK CITY,51685,3992,1979,6088
1389,2020,VIRGINIA,MANASSAS PARK CITY,51685,3992,1979,6088
1390,2020,VIRGINIA,MANASSAS PARK CITY,51685,3992,1979,6088
1391,2020,VIRGINIA,MANASSAS PARK CITY,51685,3992,1979,6088
1392,2020,VIRGINIA,MARTINSVILLE CITY,51690,3766,2165,6024
1393,2020,VIRGINIA,MARTINSVILLE CITY,51690,3766,2165,6024
1394,2020,VIRGINIA,MARTINSVILLE CITY,51690,3766,2165,6024
1395,2020,VIRGINIA,MARTINSVILLE CITY,51690,3766,2165,6024
1396,2020,VIRGINIA,MARTINSVILLE CITY,51690,3766,2165,6024
1397,2020,VIRGINIA,MARTINSVILLE CITY,51690,3766,2165,6024
1398,2020,VIRGINIA,MARTINSVILLE CITY,51690,3766,2165,6024
1399,2020,VIRGINIA,MARTINSVILLE CITY,51690,3766,2165,6024
1400,2020,VIRGINIA,MARTINSVILLE CITY,51690,3766,2165,6024
1401,2020,VIRGINIA,MARTINSVILLE CITY,51690,3766,2165,6024
1402,2020,VIRGINIA,MARTINSVILLE CITY,51690,3766,2165,6024
1403,2020,VIRGINIA,MARTINSVILLE CITY,51690,3766,2165,6024
1404,2020,VIRGINIA,NEWPORT NEWS CITY,51700,53099,26377,81270
1405,2020,VIRGINIA,NEWPORT NEWS CITY,51700,53099,26377,81270
1406,2020,VIRGINIA,NEWPORT NEWS CITY,51700,53099,26377,81270
1407,2020,VIRGINIA,NEWPORT NEWS CITY,51700,53099,26377,81270
1408,2020,VIRGINIA,NEWPORT NEWS CITY,51700,53099,26377,81270
1409,2020,VIRGINIA,NEWPORT NEWS CITY,51700,53099,26377,81270
1410,2020,VIRGINIA,NEWPORT NEWS CITY,51700,53099,26377,81270
1411,2020,VIRGINIA,NEWPORT NEWS CITY,51700,53099,26377,81270
1412,2020,VIRGINIA,NEWPORT NEWS CITY,51700,53099,26377,81270
1413,2020,VIRGINIA,NEWPORT NEWS CITY,51700,53099,26377,81270
1414,2020,VIRGINIA,NEWPORT NEWS CITY,51700,53099,26377,81270
1415,2020,VIRGINIA,NEWPORT NEWS CITY,51700,53099,26377,81270
1416,2020,VIRGINIA,NORFOLK CITY,51710,64440,23443,89988
1417,2020,VIRGINIA,NORFOLK CITY,51710,64440,23443,89988
1418,2020,VIRGINIA,NORFOLK CITY,51710,64440,23443,89988
1419,2020,VIRGINIA,NORFOLK CITY,51710,64440,23443,89988
1420,2020,VIRGINIA,NORFOLK CITY,51710,64440,23443,89988
1421,2020,VIRGINIA,NORFOLK CITY,51710,64440,23443,89988
1422,2020,VIRGINIA,NORFOLK CITY,51710,64440,23443,89988
1423,2020,VIRGINIA,NORFOLK CITY,51710,64440,23443,89988
1424,2020,VIRGINIA,NORFOLK CITY,51710,64440,23443,89988
1425,2020,VIRGINIA,NORFOLK CITY,51710,64440,23443,89988
1426,2020,VIRGINIA,NORFOLK CITY,51710,64440,23443,89988
1427,2020,VIRGINIA,NORFOLK CITY,51710,64440,23443,89988
1428,2020,VIRGINIA,NORTON CITY,51720,464,1109,1601
1429,2020,VIRGINIA,NORTON CITY,51720,464,1109,1601
1430,2020,VIRGINIA,NORTON CITY,51720,464,1109,1601
1431,2020,VIRGINIA,NORTON CITY,51720,464,1109,1601
1432,2020,VIRGINIA,NORTON CITY,51720,464,1109,1601
1433,2020,VIRGINIA,NORTON CITY,51720,464,1109,1601
1434,2020,VIRGINIA,NORTON CITY,51720,464,1109,1601
1435,2020,VIRGINIA,NORTON CITY,51720,464,1109,1601
1436,2020,VIRGINIA,PETERSBURG CITY,51730,12389,1584,14133
1437,2020,VIRGINIA,PETERSBURG CITY,51730,12389,1584,14133
1438,2020,VIRGINIA,PETERSBURG CITY,51730,12389,1584,14133
1439,2020,VIRGINIA,PETERSBURG CITY,51730,12389,1584,14133
1440,2020,VIRGINIA,PETERSBURG CITY,51730,12389,1584,14133
1441,2020,VIRGINIA,PETERSBURG CITY,51730,12389,1584,14133
1442,2020,VIRGINIA,PETERSBURG CITY,51730,12389,1584,14133
1443,2020,VIRGINIA,PETERSBURG CITY,51730,12389,1584,14133
1444,2020,VIRGINIA,PETERSBURG CITY,51730,12389,1584,14133
1445,2020,VIRGINIA,PETERSBURG CITY,51730,12389,1584,14133
1446,2020,VIRGINIA,PETERSBURG CITY,51730,12389,1584,14133
1447,2020,VIRGINIA,PETERSBURG CITY,51730,12389,1584,14133
1448,2020,VIRGINIA,POQUOSON CITY,51735,2054,5605,7857
1449,2020,VIRGINIA,POQUOSON CITY,51735,2054,5605,7857
1450,2020,VIRGINIA,POQUOSON CITY,51735,2054,5605,7857
1451,2020,VIRGINIA,POQUOSON CITY,51735,2054,5605,7857
1452,2020,VIRGINIA,POQUOSON CITY,51735,2054,5605,7857
1453,2020,VIRGINIA,POQUOSON CITY,51735,2054,5605,7857
1454,2020,VIRGINIA,POQUOSON CITY,51735,2054,5605,7857
1455,2020,VIRGINIA,POQUOSON CITY,51735,2054,5605,7857
1456,2020,VIRGINIA,POQUOSON CITY,51735,2054,5605,7857
1457,2020,VIRGINIA,POQUOSON CITY,51735,2054,5605,7857
1458,2020,VIRGINIA,POQUOSON CITY,51735,2054,5605,7857
1459,2020,VIRGINIA,POQUOSON CITY,51735,2054,5605,7857
1460,2020,VIRGINIA,PORTSMOUTH CITY,51740,30948,12755,44601
1461,2020,VIRGINIA,PORTSMOUTH CITY,51740,30948,12755,44601
1462,2020,VIRGINIA,PORTSMOUTH CITY,51740,30948,12755,44601
1463,2020,VIRGINIA,PORTSMOUTH CITY,51740,30948,12755,44601
1464,2020,VIRGINIA,PORTSMOUTH CITY,51740,30948,12755,44601
1465,2020,VIRGINIA,PORTSMOUTH CITY,51740,30948,12755,44601
1466,2020,VIRGINIA,PORTSMOUTH CITY,51740,30948,12755,44601
1467,2020,VIRGINIA,PORTSMOUTH CITY,51740,30948,12755,44601
1468,2020,VIRGINIA,PORTSMOUTH CITY,51740,30948,12755,44601
1469,2020,VIRGINIA,PORTSMOUTH CITY,51740,30948,12755,44601
1470,2020,VIRGINIA,PORTSMOUTH CITY,51740,30948,12755,44601
1471,2020,VIRGINIA,PORTSMOUTH CITY,51740,30948,12755,44601
1472,2020,VIRGINIA,RADFORD CITY,51750,3358,2786,6320
1473,2020,VIRGINIA,RADFORD CITY,51750,3358,2786,6320
1474,2020,VIRGINIA,RADFORD CITY,51750,3358,2786,6320
1475,2020,VIRGINIA,RADFORD CITY,51750,3358,2786,6320
1476,2020,VIRGINIA,RADFORD CITY,51750,3358,2786,6320
1477,2020,VIRGINIA,RADFORD CITY,51750,3358,2786,6320
1478,2020,VIRGINIA,RADFORD CITY,51750,3358,2786,6320
1479,2020,VIRGINIA,RADFORD CITY,51750,3358,2786,6320
1480,2020,VIRGINIA,RADFORD CITY,51750,3358,2786,6320
1481,2020,VIRGINIA,RADFORD CITY,51750,3358,2786,6320
1482,2020,VIRGINIA,RADFORD CITY,51750,3358,2786,6320
1483,2020,VIRGINIA,RADFORD CITY,51750,3358,2786,6320
1484,2020,VIRGINIA,RICHMOND CITY,51760,92175,16603,111181
1485,2020,VIRGINIA,RICHMOND CITY,51760,92175,16603,111181
1486,2020,VIRGINIA,RICHMOND CITY,51760,92175,16603,111181
1487,2020,VIRGINIA,RICHMOND CITY,51760,92175,16603,111181
1488,2020,VIRGINIA,RICHMOND CITY,51760,92175,16603,111181
1489,2020,VIRGINIA,RICHMOND CITY,51760,92175,16603,111181
1490,2020,VIRGINIA,RICHMOND CITY,51760,92175,16603,111181
1491,2020,VIRGINIA,RICHMOND CITY,51760,92175,16603,111181
1492,2020,VIRGINIA,RICHMOND CITY,51760,92175,16603,111181
1493,2020,VIRGINIA,RICHMOND CITY,51760,92175,16603,111181
1494,2020,VIRGINIA,RICHMOND CITY,51760,92175,16603,111181
1495,2020,VIRGINIA,RICHMOND CITY,51760,92175,16603,111181
1496,2020,VIRGINIA,ROANOKE CITY,51770,26773,15607,43323
1497,2020,VIRGINIA,ROANOKE CITY,51770,26773,15607,43323
1498,2020,VIRGINIA,ROANOKE CITY,51770,26773,15607,43323
1499,2020,VIRGINIA,ROANOKE CITY,51770,26773,15607,43323
1500,2020,VIRGINIA,ROANOKE CITY,51770,26773,15607,43323
1501,2020,VIRGINIA,ROANOKE CITY,51770,26773,15607,43323
1502,2020,VIRGINIA,ROANOKE CITY,51770,26773,15607,43323
1503,2020,VIRGINIA,ROANOKE CITY,51770,26773,15607,43323
1504,2020,VIRGINIA,ROANOKE CITY,51770,26773,15607,43323
1505,2020,VIRGINIA,ROANOKE CITY,51770,26773,15607,43323
1506,2020,VIRGINIA,ROANOKE CITY,51770,26773,15607,43323
1507,2020,VIRGINIA,ROANOKE CITY,51770,26773,15607,43323
1508,2020,VIRGINIA,SALEM CITY,51775,5148,7683,13051
1509,2020,VIRGINIA,SALEM CITY,51775,5148,7683,13051
1510,2020,VIRGINIA,SALEM CITY,51775,5148,7683,13051
1511,2020,VIRGINIA,SALEM CITY,51775,5148,7683,13051
1512,2020,VIRGINIA,SALEM CITY,51775,5148,7683,13051
1513,2020,VIRGINIA,SALEM CITY,51775,5148,7683,13051
1514,2020,VIRGINIA,SALEM CITY,51775,5148,7683,13051
1515,2020,VIRGINIA,SALEM CITY,51775,5148,7683,13051
1516,2020,VIRGINIA,SALEM CITY,51775,5148,7683,13051
1517,2020,VIRGINIA,SALEM CITY,51775,5148,7683,13051
1518,2020,VIRGINIA,SALEM CITY,51775,5148,7683,13051
1519,2020,VIRGINIA,SALEM CITY,51775,5148,7683,13051
1520,2020,VIRGINIA,STAUNTON CITY,51790,6981,5695,12992
1521,2020,VIRGINIA,STAUNTON CITY,51790,6981,5695,12992
1522,2020,VIRGINIA,STAUNTON CITY,51790,6981,5695,12992
1523,2020,VIRGINIA,STAUNTON CITY,51790,6981,5695,12992
1524,2020,VIRGINIA,STAUNTON CITY,51790,6981,5695,12992
1525,2020,VIRGINIA,STAUNTON CITY,51790,6981,5695,12992
1526,2020,VIRGINIA,STAUNTON CITY,51790,6981,5695,12992
1527,2020,VIRGINIA,STAUNTON CITY,51790,6981,5695,12992
1528,2020,VIRGINIA,STAUNTON CITY,51790,6981,5695,12992
1529,2020,VIRGINIA,STAUNTON CITY,51790,6981,5695,12992
1530,2020,VIRGINIA,STAUNTON CITY,51790,6981,5695,12992
1531,2020,VIRGINIA,STAUNTON CITY,51790,6981,5695,12992
1532,2020,VIRGINIA,SUFFOLK CITY,51800,28676,20082,49642
1533,2020,VIRGINIA,SUFFOLK CITY,51800,28676,20082,49642
1534,2020,VIRGINIA,SUFFOLK CITY,51800,28676,20082,49642
1535,2020,VIRGINIA,SUFFOLK CITY,51800,28676,20082,49642
1536,2020,VIRGINIA,SUFFOLK CITY,51800,28676,20082,49642
1537,2020,VIRGINIA,SUFFOLK CITY,51800,28676,20082,49642
1538,2020,VIRGINIA,SUFFOLK CITY,51800,28676,20082,49642
1539,2020,VIRGINIA,SUFFOLK CITY,51800,28676,20082,49642
1540,2020,VIRGINIA,SUFFOLK CITY,51800,28676,20082,49642
1541,2020,VIRGINIA,SUFFOLK CITY,51800,28676,20082,49642
1542,2020,VIRGINIA,SUFFOLK CITY,51800,28676,20082,49642
1543,2020,VIRGINIA,SUFFOLK CITY,51800,28676,20082,49642
1544,2020,VIRGINIA,VIRGINIA BEACH CITY,51810,117393,105087,227717
1545,2020,VIRGINIA,VIRGINIA BEACH CITY,51810,117393,105087,227717
1546,2020,VIRGINIA,VIRGINIA BEACH CITY,51810,117393,105087,227717
1547,2020,VIRGINIA,VIRGINIA BEACH CITY,51810,117393,105087,227717
1548,2020,VIRGINIA,VIRGINIA BEACH CITY,51810,117393,105087,227717
1549,2020,VIRGINIA,VIRGINIA BEACH CITY,51810,117393,105087,227717
1550,2020,VIRGINIA,VIRGINIA BEACH CITY,51810,117393,105087,227717
1551,2020,VIRGINIA,VIRGINIA BEACH CITY,51810,117393,105087,227717
1552,2020,VIRGINIA,VIRGINIA BEACH CITY,51810,117393,105087,227717
1553,2020,VIRGINIA,VIRGINIA BEACH CITY,51810,117393,105087,227717
1554,2020,VIRGINIA,VIRGINIA BEACH CITY,51810,117393,105087,227717
1555,2020,VIRGINIA,VIRGINIA BEACH CITY,51810,117393,105087,227717
1556,2020,VIRGINIA,WAYNESBORO CITY,51820,4961,5507,10717
1557,2020,VIRGINIA,WAYNESBORO CITY,51820,4961,5507,10717
1558,2020,VIRGINIA,WAYNESBORO CITY,51820,4961,5507,10717
1559,2020,VIRGINIA,WAYNESBORO CITY,51820,4961,5507,10717
1560,2020,VIRGINIA,WAYNESBORO CITY,51820,4961,5507,10717
1561,2020,VIRGINIA,WAYNESBORO CITY,51820,4961,5507,10717
1562,2020,VIRGINIA,WAYNESBORO CITY,51820,4961,5507,10717
1563,2020,VIRGINIA,WAYNESBORO CITY,51820,4961,5507,10717
1564,2020,VIRGINIA,WAYNESBORO CITY,51820,4961,5507,10717
1565,2020,VIRGINIA,WAYNESBORO CITY,51820,4961,5507,10717
1566,2020,VIRGINIA,WAYNESBORO CITY,51820,4961,5507,10717
1567,2020,VIRGINIA,WAYNESBORO CITY,51820,4961,5507,10717
1568,2020,VIRGINIA,WILLIAMSBURG CITY,51830,4790,1963,6890
1569,2020,VIRGINIA,WILLIAMSBURG CITY,51830,4790,1963,6890
1570,2020,VIRGINIA,WILLIAMSBURG CITY,51830,4790,1963,6890
1571,2020,VIRGINIA,WILLIAMSBURG CITY,51830,4790,1963,6890
1572,2020,VIRGINIA,WILLIAMSBURG CITY,51830,4790,1963,6890
1573,2020,VIRGINIA,WILLIAMSBURG CITY,51830,4790,1963,6890
1574,2020,VIRGINIA,WILLIAMSBURG CITY,51830,4790,1963,6890
1575,2020,VIRGINIA,WILLIAMSBURG CITY,51830,4790,1963,6890
1576,2020,VIRGINIA,WILLIAMSBURG CITY,51830,4790,1963,6890
1577,2020,VIRGINIA,WILLIAMSBURG CITY,51830,4790,1963,6890
1578,2020,VIRGINIA,WILLIAMSBURG CITY,51830,4790,1963,6890
1579,2020,VIRGINIA,WILLIAMSBURG CITY,51830,4790,1963,6890
1580,2020,VIRGINIA,WINCHESTER CITY,51840,6610,5221,12113
1581,2020,VIRGINIA,WINCHESTER CITY,51840,6610,5221,12113
1582,2020,VIRGINIA,WINCHESTER CITY,51840,6610,5221,12113
1583,2020,VIRGINIA,WINCHESTER CITY,51840,6610,5221,12113
1584,2020,VIRGINIA,WINCHESTER CITY,51840,6610,5221,12113
1585,2020,VIRGINIA,WINCHESTER CITY,51840,6610,5221,12113
1586,2020,VIRGINIA,WINCHESTER CITY,51840,6610,5221,12113
1587,2020,VIRGINIA,WINCHESTER CITY,51840,6610,5221,12113
1588,2020,VIRGINIA,WINCHESTER CITY,51840,6610,5221,12113
1589,2020,VIRGINIA,WINCHESTER CITY,51840,6610,5221,12113
1590,2020,VIRGINIA,WINCHESTER CITY,51840,6610,5221,12113
1591,2020,VIRGINIA,WINCHESTER CITY,51840,6610,5221,12113
